"145552","259290","53696083","52629920",5 BAMBRA ROAD AIREYS INLET 3231,,"5",,BAMBRA,ROAD,,AIREYS INLET,"365","3231","20563180000",House,GPO,1,770565.41669869,5738252.33297886
"109487","206007","53723830","52642534",310 SOUTH DREEITE ROAD ALVIE 3249,,"310",,SOUTH DREEITE,ROAD,,ALVIE,"314","3249","20134620000",House,GPO,1,717266.864255835,5767561.38918086
"275264","661488","53043625","41094598",655 DE MOTTS ROAD ANAKIE 3212,,"655",,DE MOTTS,ROAD,,ANAKIE,"324","3212","20202991000",House,GPO,1,781813.668849203,5801346.16234891
"121268","1483087","53046304","41103411",1140 GUM FLATS ROAD ANGLESEA 3230,,"1140",,GUM FLATS,ROAD,,ANGLESEA,"365","3230","20563571000",House,GPO,1,776390.708397181,5751212.41822056
"31144","201262","53487605","45515625",35 OLD HORDERN VALE ROAD APOLLO BAY 3233,,"35",,OLD HORDERN VALE,ROAD,,APOLLO BAY,"314","3233","20136051000",House,GPO,1,726742.159865861,5706022.32028158
"617005","702114","53100273","41037355",1001-1039 BARWON HEADS ROAD ARMSTRONG CREEK 3217,,"1001",,BARWON HEADS,ROAD,,ARMSTRONG CREEK,"327","3217","20256642000",House,GPO,1,796411.443871879,5761105.06269945
"281379","110317","53027478","41051154",55 COONAWARRA DRIVE AVALON 3212,,"55",,COONAWARRA,DRIVE,,AVALON,"327","3212","20264250000",House,GPO,1,800488.337953249,5784620.59195058
"110023","201129","53486126","5177831",120 DELANEYS ROAD BALINTORE 3249,,"120",,DELANEYS,ROAD,,BALINTORE,"314","3249","20134730000",House,GPO,1,723283.152030754,5757231.89583716
"122649","259196","53724204","52642911",1400 WINCHELSEA-DEANS MARSH ROAD BAMBRA 3241,,"1400",,WINCHELSEA-DEANS MARSH,ROAD,,BAMBRA,"365","3241","20563440000",House,GPO,1,757766.839799939,5750156.13167173
"209026","1204","53041490","41091672",141 BAMGANIE ROAD BAMGANIE 3333,,"141",,BAMGANIE,ROAD,,BAMGANIE,"324","3333","20202970000",House,GPO,1,762621.999654242,5799443.00041435
"129058","665","215281189","215281186",74 MOREILLON BOULEVARDE BANNOCKBURN 3331,,"74",,MOREILLON,BOULEVARDE,,BANNOCKBURN,"324","3331","20203302000",House,GPO,1,777312.999735207,5784382.00017168
"111801","208730","53485133","5175866",90 WARES ROAD BARONGAROOK 3249,,"90",,WARES,ROAD,,BARONGAROOK,"314","3249","20134420000",House,GPO,1,727816.870431273,5740059.87000163
"111735","456","209486979","209486978",70 NIGHTINGALES ROAD BARONGAROOK WEST 3249,,"70",,NIGHTINGALES,ROAD,,BARONGAROOK WEST,"314","3249","20134150000",House,GPO,1,724686.900076094,5740109.55974193
"130653","263712","53064715","41098598",1220 BARRABOOL ROAD BARRABOOL 3221,,"1220",,BARRABOOL,ROAD,,BARRABOOL,"365","3221","20560220000",House,GPO,1,780635.317296181,5770363.65690602
"104614","513","53010439","41118032",1110 FORREST-APOLLO BAY ROAD BARRAMUNGA 3249,,"1110",,FORREST-APOLLO BAY,ROAD,,BARRAMUNGA,"314","3249","20135492000",House,GPO,1,735565.734018125,5723513.55730915
"165613","2820821","53001219","52484748",783 CRESSY-SHELFORD ROAD BARUNAH PARK 3329,,"783",,CRESSY-SHELFORD,ROAD,,BARUNAH PARK,"324","3329","20203701000",House,GPO,1,742275.514689846,5788289.20121746
"126784","1875332","53794942","45192259",5060 HAMILTON HIGHWAY BARUNAH PLAINS 3329,,"5060",,HAMILTON,HIGHWAY,,BARUNAH PLAINS,"314","3329","20134560000",House,GPO,1,744893.162432744,5782417.30010192
"120007","630","53483767","41110779",255 CALLAHANS ROAD BARWON DOWNS 3243,,"255",,CALLAHANS,ROAD,,BARWON DOWNS,"314","3243","20133660000",House,GPO,1,740523.772276663,5742121.56992258
"708460","103653","206548606","206548605",1/3 RIVER PARADE BARWON HEADS 3227,,"3",,RIVER,PARADE,,BARWON HEADS,"327","3227","20257560000",House,GPO,1,805940.240149053,5758856.01270948
"131212","1875965","205637701","205637700",44 GLENORA PLACE BATESFORD 3213,,"44",,GLENORA,PLACE,,BATESFORD,"324","3213","20203170000",House,GPO,1,785125.000390384,5779221.00032463
"110028","201136","53793113","45193159",270 BEEAC-DREEITE ROAD BEEAC 3251,,"270",,BEEAC-DREEITE,ROAD,,BEEAC,"314","3251","20134631000",House,GPO,1,725128.570395076,5770615.58032389
"104179","201142","53486218","5493348",185 OLD COLAC ROAD BEECH FOREST 3237,,"185",,OLD COLAC,ROAD,,BEECH FOREST,"314","3237","20135430000",House,GPO,1,723224.5278442,5722463.03299682
"659049","102084","204234843","204234842",179 SEPARATION STREET BELL PARK 3215,,"179",,SEPARATION,STREET,,BELL PARK,"327","3215","20237750000",House,GPO,1,792412.686525903,5776726.76243102
"131466","104627","205560443","205560442",105 CREAMERY ROAD BELL POST HILL 3215,,"105",,CREAMERY,ROAD,,BELL POST HILL,"327","3215","20238220000",House,GPO,1,790965.493568228,5778154.47275817
"701894","717962","53067904","41011435",1-79 MCADAMS LANE BELLARINE 3223,,"1",,MCADAMS,LANE,,BELLARINE,"327","3223","20262770000",House,GPO,1,815262.626385559,5772490.94867311
"138745","273833","53296935","52554453",285 NORTONS ROAD BELLBRAE 3228,,"285",,NORTONS,ROAD,,BELLBRAE,"365","3228","20563270000",House,GPO,1,780734.109432756,5754092.16987206
"121332","2344933","151542276","151542275",325 POINT ADDIS ROAD BELLS BEACH 3228,,"325",,POINT ADDIS,ROAD,,BELLS BEACH,"380","3228","20563412000",House,GPO,1,784012.801472401,5745294.91705306
"621803","106885","212178319","212178318",13 WAURN PARK COURT BELMONT 3216,,"13",,WAURN PARK,COURT,,BELMONT,"327","3216","20251810000",House,GPO,1,791107.034671846,5767244.45120654
"121450","265953","53056287","41112476",1515 DEANS MARSH-LORNE ROAD BENWERRIN 3235,,"1515",,DEANS MARSH-LORNE,ROAD,,BENWERRIN,"365","3235","20562772000",House,GPO,1,756965.263575553,5735499.23351166
"157787","532907","53985579","5196611",650 COLLINS LANE BERRYBANK 3323,,"650",,COLLINS,LANE,,BERRYBANK,"315","3323","20137080000",House,GPO,1,715813.514895751,5791570.30733164
"123633","274393","53059318","41114328",1300 GREAT OCEAN ROAD BIG HILL (LORNE) 3231,,"1300",,GREAT OCEAN,ROAD,,BIG HILL (LORNE),"365","3231","20563130000",House,GPO,1,762589.959717404,5734822.02641933
"110011","499","53055135","41116544",195 AYREYS RESERVE ROAD BIRREGURRA 3242,,"195",,AYREYS RESERVE,ROAD,,BIRREGURRA,"314","3242","20134310000",House,GPO,1,741261.36983365,5755450.82994093
"122664","265951","53056293","41112483",1040 BAMBRA-BOONAH ROAD BOONAH 3235,,"1040",,BAMBRA-BOONAH,ROAD,,BOONAH,"365","3235","20563392000",House,GPO,1,757396.371549899,5743517.54093999
"632840","99441","205667977","205667976",80-84 TUCKER STREET BREAKWATER 3219,,"80",,TUCKER,STREET,,BREAKWATER,"327","3219","20246332000",House,GPO,1,794863.957234695,5768537.98224186
"616927","117825","213766763","213766761",79 HORWOOD DRIVE BREAMLEA 3227,,"79",,HORWOOD,DRIVE,,BREAMLEA,"327","3227","20260210000",House,GPO,1,796231.806327112,5755871.48907338
"121309","2038851","53064255","41097696",170 MT POLLOCK ROAD BUCKLEY 3240,,"170",,MT POLLOCK,ROAD,,BUCKLEY,"365","3240","20563301000",House,GPO,1,770221.548806573,5770206.1556419
"108099","201265","53485217","5171003",595 OLD IRREWILLIPE ROAD BUNGADOR 3260,,"595",,OLD IRREWILLIPE,ROAD,,BUNGADOR,"314","3260","20134740000",House,GPO,1,704430.397960312,5747099.0700106
"31150","202615","53486364","5494581",5 OTWAY PARK CAPE OTWAY 3233,,"5",,OTWAY,PARK,,CAPE OTWAY,"314","3233","20135980000",House,GPO,1,719612.269498907,5698399.05656896
"103144","205482","53795365","5493671",1160 LAVERS HILL-COBDEN ROAD CARLISLE RIVER 3239,,"1160",,LAVERS HILL-COBDEN,ROAD,,CARLISLE RIVER,"314","3239","20135510000",House,GPO,1,702354.995412254,5720978.9441875
"108100","201266","53485224","5160420",135 CLIFTON ROAD CARPENDEIT 3260,,"135",,CLIFTON,ROAD,,CARPENDEIT,"314","3260","20134200000",House,GPO,1,699544.217094919,5750507.64155847
"130633","13615","220711102","220711101",21-23 HEAL STREET CERES 3221,,"21",,HEAL,STREET,,CERES,"327","3221","20256013000",House,GPO,1,786837.911755626,5770051.74496136
"103072","201392","53794616","45516354",1385 GELLIBRAND RIVER ROAD CHAPPLE VALE 3239,,"1385",,GELLIBRAND RIVER,ROAD,,CHAPPLE VALE,"314","3239","20136022000",House,GPO,1,699857.489795989,5723567.6700946
"616630","710102","218138966","218138965",14 JENDES LANE CHARLEMONT 3217,,"14",,JENDES,LANE,,CHARLEMONT,"327","3217","20256161000",House,GPO,1,795942.677649817,5767061.60370608
"701867","108393","204186495","204186494",21-29 RESERVOIR ROAD CLIFTON SPRINGS 3222,,"21",,RESERVOIR,ROAD,,CLIFTON SPRINGS,"327","3222","20263930000",House,GPO,1,814279.220198526,5771561.54124912
"91685","532566","53980515","5171158",17 MCCANNS ROAD COBDEN 3266,,"17",,MCCANNS,ROAD,,COBDEN,"315","3266","20138402000",House,GPO,1,689286.356448828,5750841.02848915
"112656","201108","53480876","5488452",43 BILSON STREET COLAC 3250,,"43",,BILSON,STREET,,COLAC,"314","3250","20133460000",House,GPO,1,724494.933734693,5754206.78167036
"112666","201915","53484898","5490391",2 FOREST STREET COLAC EAST 3250,,"2",,FOREST,STREET,,COLAC EAST,"314","3250","20133571000",House,GPO,1,727833.62550071,5753687.10144741
"112363","204049","54690013","53022765",75 ROSSMOYNE ROAD COLAC WEST 3250,,"75",,ROSSMOYNE,ROAD,,COLAC WEST,"314","3250","20134122000",House,GPO,1,722710.172320715,5754556.58866504
"616587","112589","215632799","215632797",2A STACEYS ROAD CONNEWARRE 3227,,"2",A,STACEYS,ROAD,,CONNEWARRE,"327","3227","20256643000",House,GPO,1,800081.630743945,5762252.36246462
"90300","531719","53686823","52623102",450 WAARRE ROAD COORIEMUNGLE 3268,,"450",,WAARRE,ROAD,,COORIEMUNGLE,"315","3268","20139060000",House,GPO,1,679164.335521604,5729218.83984243
"110035","201158","53794070","5177965",740 CORANGAMITE LAKE ROAD CORAGULAC 3249,,"740",,CORANGAMITE LAKE,ROAD,,CORAGULAC,"314","3249","20134671000",House,GPO,1,720473.247871545,5761276.77685884
"164273","2861","53390295","52395971",85 MAIN STREET CORINDHAP 3352,,"85",,MAIN,STREET,,CORINDHAP,"324","3352","20203642000",House,GPO,1,740833.016489081,5804813.58858105
"679402","111193","212192200","212192199",5 HEALES ROAD CORIO 3214,,"5",,HEALES,ROAD,,CORIO,"327","3214","20243672000",House,GPO,1,797511.967722627,5782974.49723803
"110016","201117","53486037","5177118",350 CORANGAMITE LAKE ROAD COROROOKE 3254,,"350",,CORANGAMITE LAKE,ROAD,,COROROOKE,"314","3254","20134721000",House,GPO,1,720985.31978194,5757507.61006752
"109479","201865","128344780","128344778",2 MCGRATHS ROAD CORUNNUN 3249,,"2",,MCGRATHS,ROAD,,CORUNNUN,"314","3249","20134690000",House,GPO,1,715403.272329815,5757761.97799245
"90591","1032290","53979800","45182689",1629 COBDEN-PORT CAMPBELL ROAD COWLEYS CREEK 3268,,"1629",,COBDEN-PORT CAMPBELL,ROAD,,COWLEYS CREEK,"315","3268","20139071000",House,GPO,1,676778.332982236,5733379.00772757
"110082","202221","53793457","5176671",100 NELSONS ROAD CRESSY 3322,,"100",,NELSONS,ROAD,,CRESSY,"314","3322","20134170000",House,GPO,1,730243.293024764,5786544.1640935
"110164","204687","128253804","128253801",3815 CORANGAMITE LAKE ROAD CUNDARE 3251,,"3815",,CORANGAMITE LAKE,ROAD,,CUNDARE,"314","3251","20134500000",House,GPO,1,727982.266499091,5775816.66569381
"110270","208361","53487693","45193084",3185 CORANGAMITE LAKE ROAD CUNDARE NORTH 3251,,"3185",,CORANGAMITE LAKE,ROAD,,CUNDARE NORTH,"314","3251","20134440000",House,GPO,1,722213.933939814,5777572.85190138
"701484","120013","53068807","41000164",921-949 PORTARLINGTON ROAD CURLEWIS 3222,,"921",,PORTARLINGTON,ROAD,,CURLEWIS,"327","3222","20237060000",House,GPO,1,805473.875993483,5768743.44126297
"121819","265935","53056054","41111616",1384 BIRREGURRA-DEANS MARSH ROAD DEANS MARSH 3235,,"1384",,BIRREGURRA-DEANS MARSH,ROAD,,DEANS MARSH,"365","3235","20563160000",House,GPO,1,751718.066749328,5746271.57227842
"164846","1217585","53372587","45016479",1 MCKAYS LANE DEREEL 3352,,"1",,MCKAYS,LANE,,DEREEL,"324","3352","20203400000",House,GPO,1,742656.568170044,5807551.37578842
"109490","207922","53755905","52669814",135 COATES ROAD DREEITE 3249,,"135",,COATES,ROAD,,DREEITE,"314","3249","20134570000",House,GPO,1,716624.00955047,5776723.20899798
"109480","201927","53487303","45193609",395 READS ROAD DREEITE SOUTH 3249,,"395",,READS,ROAD,,DREEITE SOUTH,"314","3249","20134650000",House,GPO,1,715739.957149478,5768767.60622118
"665416","102216","212178407","212178406",13 GRANDVIEW GROVE DRUMCONDRA 3215,,"13",,GRANDVIEW,GROVE,,DRUMCONDRA,"327","3215","20247090000",House,GPO,1,793935.3977281,5774466.58489386
"701855","102080","204234148","204234147",147-159 WHITCOMBES ROAD DRYSDALE 3222,,"147",,WHITCOMBES,ROAD,,DRYSDALE,"327","3222","20261160000",House,GPO,1,814502.516060265,5770305.94985155
"110348","532917","53985664","5196804",940 FOXHOW-CRESSY ROAD DUVERNEY 3323,,"940",,FOXHOW-CRESSY,ROAD,,DUVERNEY,"315","3323","20137091000",House,GPO,1,726588.477799804,5786091.22258812
"668012","102037","173729282","173729279",4/56 ST ALBANS ROAD EAST GEELONG 3219,,"56",,ST ALBANS,ROAD,,EAST GEELONG,"327","3219","20244600000",House,GPO,1,795469.337755829,5770716.54084548
"123638","274398","53059358","41114394",1085 GREAT OCEAN ROAD EASTERN VIEW 3231,,"1085",,GREAT OCEAN,ROAD,,EASTERN VIEW,"365","3231","20563070000",House,GPO,1,764171.054566806,5735983.48157822
"112346","201116","53486036","5177830",115 HOLMCHASE ROAD ELLIMINYT 3250,,"115",,HOLMCHASE,ROAD,,ELLIMINYT,"314","3250","20134181000",House,GPO,1,721853.89129723,5750852.55695615
"110055","201378","53794422","5177808",530 EURACK ROAD EURACK 3251,,"530",,EURACK,ROAD,,EURACK,"314","3251","20134580000",House,GPO,1,736606.070070029,5774288.71937823
"145553","259292","53696686","52630306",293 GREAT OCEAN ROAD FAIRHAVEN 3231,,"293",,GREAT OCEAN,ROAD,,FAIRHAVEN,"365","3231","20561480000",House,GPO,1,769632.122044147,5737942.31662387
"104197","201965","53486964","45515250",15 MURCHISONS ROAD FERGUSON 3237,,"15",,MURCHISONS,ROAD,,FERGUSON,"314","3237","20135013000",House,GPO,1,719340.242410489,5722344.45495031
"120423","173","209768605","209768604",18 GRANT STREET FORREST 3236,,"18",,GRANT,STREET,,FORREST,"314","3236","20135440000",House,GPO,1,736659.756654966,5733264.64525501
"109510","532910","53985603","5196656",2395 FOXHOW ROAD FOXHOW 3323,,"2395",,FOXHOW,ROAD,,FOXHOW,"315","3323","20137093000",House,GPO,1,713156.473123454,5784943.25762531
"138765","634350","151018093","151018092",815A PETTAVEL ROAD FRESHWATER CREEK 3217,,"815",A,PETTAVEL,ROAD,,FRESHWATER CREEK,"365","3217","20562740000",House,GPO,1,782854.30910635,5758040.93236673
"130679","699427","208349403","208349402",280 FYANSFORD-GHERINGHAP ROAD FYANSFORD 3218,,"280",,FYANSFORD-GHERINGHAP,ROAD,,FYANSFORD,"327","3218","20244170000",House,GPO,1,787771.295242874,5776947.84287855
"648715","104235","212192931","212192930",51 RYRIE STREET GEELONG 3220,,"51",,RYRIE,STREET,,GEELONG,"327","3220","20245781000",House,GPO,1,794051.633785769,5772455.00741214
"644414","100235","205729497","205729496",26 ADDIS STREET GEELONG WEST 3218,,"26",,ADDIS,STREET,,GEELONG WEST,"327","3218","20248270000",House,GPO,1,792563.264956603,5772868.44739366
"111706","177","210080797","210080796",20 GREENS ACCESS GELLIBRAND 3239,,"20",,GREENS,ACCESS,,GELLIBRAND,"314","3239","20135520000",House,GPO,1,720421.080329549,5733140.84967632
"93294","540016","54301321","45516467",600 OLD OCEAN ROAD GELLIBRAND LOWER 3237,,"600",,OLD OCEAN,ROAD,,GELLIBRAND LOWER,"315","3237","20139192000",House,GPO,1,690697.238984043,5711863.78170891
"119992","529","53054161","41116251",1980 COLAC-FORREST ROAD GERANGAMETE 3249,,"1980",,COLAC-FORREST,ROAD,,GERANGAMETE,"314","3249","20134490000",House,GPO,1,734686.26009132,5741544.00042122
"121154","263075","53045927","41102725",850 WORMBETE STATION ROAD GHERANG 3240,,"850",,WORMBETE STATION,ROAD,,GHERANG,"365","3240","20561130000",House,GPO,1,771390.089964335,5753650.52684272
"130959","985","209100539","209100537",21 RUSSELL ROAD GHERINGHAP 3331,,"21",,RUSSELL,ROAD,,GHERINGHAP,"324","3331","20203161000",House,GPO,1,782332.999621002,5782485.000385
"31164","204074","53794931","45515603",2325 GREAT OCEAN ROAD GLENAIRE 3238,,"2325",,GREAT OCEAN,ROAD,,GLENAIRE,"314","3238","20695840000",House,GPO,1,717996.867381088,5705257.85482563
"121152","259421","53768393","52681013",85 MT POLLOCK ROAD GNARWARRE 3221,,"85",,MT POLLOCK,ROAD,,GNARWARRE,"365","3221","20559540000",House,GPO,1,770304.207124519,5770445.33451813
"156591","649942","53483910","41111152",4620 GREAT OCEAN ROAD GREY RIVER 3234,,"4620",,GREAT OCEAN,ROAD,,GREY RIVER,"314","3234","20135821000",House,GPO,1,746882.940364785,5714415.51029348
"142286","99600","172811579","172811578",1/71 ROSSACK DRIVE GROVEDALE 3216,,"71",,ROSSACK,DRIVE,,GROVEDALE,"327","3216","20251760000",House,GPO,1,790030.064832065,5765977.0812178
"132089","102046","205627116","205627115",4 HILLWOOD CLOSE HAMLYN HEIGHTS 3215,,"4",,HILLWOOD,CLOSE,,HAMLYN HEIGHTS,"327","3215","20238230000",House,GPO,1,790953.166096494,5775411.4415738
"132083","98718","150591554","150591553",1/11 FRASER STREET HERNE HILL 3218,,"11",,FRASER,STREET,,HERNE HILL,"327","3218","20248430000",House,GPO,1,790958.163700102,5773621.18108804
"125852","1769","53063551","41095724",984 WINGEEL ROAD HESSE 3321,,"984",,WINGEEL,ROAD,,HESSE,"324","3321","20203703000",House,GPO,1,750336.494738176,5779473.10759951
"133255","98150","150668433","150668432",87 LEIGH ROAD HIGHTON 3216,,"87",,LEIGH,ROAD,,HIGHTON,"327","3216","20254062000",House,GPO,1,789172.437628738,5770909.94128036
"31148","201409","53794778","45515932",2615 GREAT OCEAN ROAD HORDERN VALE 3238,,"2615",,GREAT OCEAN,ROAD,,HORDERN VALE,"314","3238","20135180000",House,GPO,1,716505.291914227,5706634.68941644
"734894","2026812","214470500","214470499",785-787 CHURCH ROAD INDENTED HEAD 3223,,"785",,CHURCH,ROAD,,INDENTED HEAD,"327","3223","20262870000",House,GPO,1,824682.755617078,5771643.86226761
"121151","259364","53064050","41096975",995 GNARWARRE ROAD INVERLEIGH 3321,,"995",,GNARWARRE,ROAD,,INVERLEIGH,"365","3321","20563480000",House,GPO,1,767620.679981475,5773974.62342642
"110046","201219","53485732","5176631",5935 PRINCES HIGHWAY IRREWARRA 3249,,"5935",,PRINCES,HIGHWAY,,IRREWARRA,"314","3249","20134190000",House,GPO,1,732704.4717397,5756273.61035331
"108087","716","53693357","52627777",455 ESCARPMENT ROAD IRREWILLIPE 3249,,"455",,ESCARPMENT,ROAD,,IRREWILLIPE,"314","3249","20696102000",House,GPO,1,715871.95956574,5735733.79957623
"108120","202210","53793361","5174974",810 CARLISLE ROAD IRREWILLIPE EAST 3249,,"810",,CARLISLE,ROAD,,IRREWILLIPE EAST,"314","3249","20133970000",House,GPO,1,716380.703725668,5741663.32780882
"151436","264913","53051543","41107797",2 BELLS BOULEVARDE JAN JUC 3228,,"2",,BELLS,BOULEVARDE,,JAN JUC,"365","3228","20560490000",House,GPO,1,787149.310885672,5750963.20348606
"91658","514532","54550497","52882819",245 GRIBBLES ROAD JANCOURT EAST 3266,,"245",,GRIBBLES,ROAD,,JANCOURT EAST,"315","3266","20138390000",House,GPO,1,686969.999643329,5745259.99973195
"103085","201906","53794859","45515917",4260 GREAT OCEAN ROAD JOHANNA 3238,,"4260",,GREAT OCEAN,ROAD,,JOHANNA,"314","3238","20135350000",House,GPO,1,707867.161986133,5712809.04933568
"111707","178","210082991","210082990",1580 COLAC-LAVERS HILL ROAD KAWARREN 3249,,"1580",,COLAC-LAVERS HILL,ROAD,,KAWARREN,"314","3249","20135380000",House,GPO,1,724882.740084952,5737396.5503569
"103303","710205","134219060","134219059",4069 LAVERS HILL-COBDEN ROAD KENNEDYS CREEK 3239,,"4069",,LAVERS HILL-COBDEN,ROAD,,KENNEDYS CREEK,"315","3239","20138811000",House,GPO,1,696789.015491416,5722359.32397301
"156578","649282","53484056","41111357",40 RIDGE DRIVE KENNETT RIVER 3234,,"40",,RIDGE,DRIVE,,KENNETT RIVER,"314","3234","20135270000",House,GPO,1,748701.907555312,5716847.33147715
"109515","538804","101438944","45174066",181 KOALLAH ROAD KOALLAH 3260,,"181",,KOALLAH,ROAD,,KOALLAH,"315","3260","20139172000",House,GPO,1,696822.402279378,5757221.04926166
"276271","110310","53027409","41051082",60 CONSTANTINE DRIVE LARA 3212,,"60",,CONSTANTINE,DRIVE,,LARA,"327","3212","20264070000",House,GPO,1,800580.676660555,5788431.54348114
"108090","201122","53486076","5175170",165 MIDDLETONS ROAD LARPENT 3249,,"165",,MIDDLETONS,ROAD,,LARPENT,"314","3249","20134330000",House,GPO,1,716499.299824685,5752426.21936784
"103071","201152","54131316","52778906",10 COLLEGE DRIVE LAVERS HILL 3238,,"10",,COLLEGE,DRIVE,,LAVERS HILL,"314","3238","20136160000",House,GPO,1,707296.450334638,5715847.9922031
"616583","111028","212184394","212184393",226-244 MATTHEWS ROAD LEOPOLD 3224,,"226",,MATTHEWS,ROAD,,LEOPOLD,"327","3224","20236960000",House,GPO,1,799912.069046079,5763201.54859156
"109509","532906","53985576","5196606",1940 FOXHOW ROAD LESLIE MANOR 3260,,"1940",,FOXHOW,ROAD,,LESLIE MANOR,"315","3260","20137890000",House,GPO,1,710059.473021406,5781948.11143612
"209375","1177351","53041730","41091957",1149 TALL TREE ROAD LETHBRIDGE 3332,,"1149",,TALL TREE,ROAD,,LETHBRIDGE,"324","3332","20203011000",House,GPO,1,765199.586240993,5794539.18167592
"157868","544900","53983726","45206189",8235 HAMILTON HIGHWAY LISMORE 3324,,"8235",,HAMILTON,HIGHWAY,,LISMORE,"315","3324","20137610000",House,GPO,1,714111.514276651,5795381.34310563
"276276","111496","53027870","41051531",325-345 BRANCH ROAD LITTLE RIVER 3211,,"325",,BRANCH,ROAD,,LITTLE RIVER,"327","3211","20264340000",House,GPO,1,802505.768276898,5791983.75277632
"121443","259191","53723721","52642411",25 CORA LYNN COURT LORNE 3232,,"25",,CORA LYNN,COURT,,LORNE,"365","3232","20563122000",House,GPO,1,756323.39581584,5732023.33214732
"131515","699275","53044970","41095181",260 EVANS ROAD LOVELY BANKS 3213,,"260",,EVANS,ROAD,,LOVELY BANKS,"327","3213","20243030000",House,GPO,1,790555.453232572,5782319.99812643
"644084","108714","206032412","206032411",62 CALDER STREET MANIFOLD HEIGHTS 3218,,"62",,CALDER,STREET,,MANIFOLD HEIGHTS,"327","3218","20248450000",House,GPO,1,791813.34186997,5773016.50506207
"719843","98270","204150640","204150639",411-415 PRINCESS STREET MANNERIM 3222,,"411",,PRINCESS,STREET,,MANNERIM,"327","3222","20263380000",House,GPO,1,812059.063610063,5764944.80302888
"616555","99416","203392875","203392874",731-769 BANKS ROAD MARCUS HILL 3222,,"731",,BANKS,ROAD,,MARCUS HILL,"327","3222","20263610000",House,GPO,1,812157.846565577,5760522.92706337
"105369","201449","54026340","52744455",28 OCEAN PARK DRIVE MARENGO 3233,,"28",,OCEAN PARK,DRIVE,,MARENGO,"314","3233","20135910000",House,GPO,1,730549.868741885,5705288.69951882
"629627","60981","221060736","221060735",50 BARWARRE ROAD MARSHALL 3216,,"50",,BARWARRE,ROAD,,MARSHALL,"327","3216","20253780000",House,GPO,1,793588.308812906,5767738.0933352
"273123","877","209995851","209995850",1937 STEIGLITZ ROAD MAUDE 3331,,"1937",,STEIGLITZ,ROAD,,MAUDE,"324","3331","20203620000",House,GPO,1,778512.538245618,5796480.24038497
"208998","978","208726549","208726548",518 BAMGANIE ROAD MEREDITH 3333,,"518",,BAMGANIE,ROAD,,MEREDITH,"324","3333","20203661000",House,GPO,1,762672.999693988,5803102.00007484
"127624","259284","53688767","52624257",675 BUCKLEY ROAD S MODEWARRE 3240,,"675",,BUCKLEY,ROAD,S,MODEWARRE,"365","3240","20562752000",House,GPO,1,769906.666660374,5759298.89177501
"145558","259408","53750314","52667128",47 BOYD AVENUE MOGGS CREEK 3231,,"47",,BOYD,AVENUE,,MOGGS CREEK,"365","3231","20563650000",House,GPO,1,767590.867774084,5738336.69582531
"616817","2603848","53090507","41039483",121-189 SCOTTS ROAD MOOLAP 3224,,"121",,SCOTTS,ROAD,,MOOLAP,"327","3224","20237040000",House,GPO,1,797637.392892543,5764665.0223345
"131536","704036","207553081","207553080",60 VIADUCT ROAD MOORABOOL 3213,,"60",,VIADUCT,ROAD,,MOORABOOL,"327","3213","20244080000",House,GPO,1,787921.240329653,5781686.74465308
"127625","259286","53658841","52611868",20 BUTTERCUP DRIVE MORIAC 3240,,"20",,BUTTERCUP,DRIVE,,MORIAC,"365","3240","20560290000",House,GPO,1,777480.056461026,5761735.66323718
"139103","664746","212170516","212170514",140 BOGANS LANE MOUNT DUNEED 3217,,"140",,BOGANS,LANE,,MOUNT DUNEED,"327","3217","20256660000",House,GPO,1,785340.093211913,5762872.0947986
"209166","5335","54638328","52971398",1127 GUMLEY ROAD MOUNT MERCER 3352,,"1127",,GUMLEY,ROAD,,MOUNT MERCER,"324","3352","20203670000",House,GPO,1,750454.730197358,5807031.24978973
"127622","259175","53718276","52637152",456 HENDY MAIN ROAD MOUNT MORIAC 3240,,"456",,HENDY MAIN,ROAD,,MOUNT MORIAC,"365","3240","20560240000",House,GPO,1,778483.358386076,5765945.69417657
"105154","2382344","202550524","202550523",1385 SUNNYSIDE ROAD MOUNT SABINE 3236,,"1385",,SUNNYSIDE,ROAD,,MOUNT SABINE,"314","3236","20135493000",House,GPO,1,738680.640658359,5720023.40841151
"121199","677322","53064387","41098155",1725 HAMILTON HIGHWAY MURGHEBOLUC 3218,,"1725",,HAMILTON,HIGHWAY,,MURGHEBOLUC,"324","3218","20203060000",House,GPO,1,778113.999707812,5776610.99948831
"121532","1292518","53484651","41111146",225 WICKHAMS ROAD MURROON 3243,,"225",,WICKHAMS,ROAD,,MURROON,"314","3243","20134050000",House,GPO,1,746958.949371864,5739076.33449254
"108145","203357","53795554","5175138",105 MAMRE ROAD NALANGIL 3249,,"105",,MAMRE,ROAD,,NALANGIL,"314","3249","20134210000",House,GPO,1,713921.923628443,5754673.4617939
"616559","103112","152097351","152097350",22 BAYFIELD COURT NEWCOMB 3219,,"22",,BAYFIELD,COURT,,NEWCOMB,"327","3219","20235150000",House,GPO,1,797553.307718199,5770915.07490452
"90325","535932","54120220","52775880",109 MCKENZIES LANE NEWFIELD 3268,,"109",,MCKENZIES,LANE,,NEWFIELD,"315","3268","20138702000",House,GPO,1,676651.600054763,5730207.10037903
"132093","103271","209172468","209172467",2 BOSANQUET AVENUE NEWTOWN (GEELONG) 3220,,"2",,BOSANQUET,AVENUE,,NEWTOWN (GEELONG),"327","3220","20248910000",House,GPO,1,790938.94944231,5773411.51706168
"681853","2998574","53035908","41059232",262-288 ANAKIE ROAD NORLANE 3214,,"262",,ANAKIE,ROAD,,NORLANE,"327","3214","20244240000",House,GPO,1,792519.023246575,5778780.77054894
"660185","107201","209064857","209064856",99A BALLARAT ROAD NORTH GEELONG 3215,,"99",A,BALLARAT,ROAD,,NORTH GEELONG,"327","3215","20243490000",House,GPO,1,792249.001049383,5775662.32389905
"679383","102306","207817776","207817775",25-27 MYRTLE GROVE NORTH SHORE 3214,,"25",,MYRTLE,GROVE,,NORTH SHORE,"327","3214","20237440000",House,GPO,1,795988.169425732,5777869.80520491
"616557","99446","203397117","203397116",1/132 BONNYVALE ROAD OCEAN GROVE 3226,,"132",,BONNYVALE,ROAD,,OCEAN GROVE,"327","3226","20261320000",House,GPO,1,810499.959252721,5758334.60073097
"110013","723","53713533","52633153",1 LAKE BURN ROAD OMBERSLEY 3241,,"1",,LAKE BURN,ROAD,,OMBERSLEY,"314","3241","20134220000",House,GPO,1,739244.572779876,5759694.96477967
"110030","201147","53486258","5178127",1030 COLAC-BALLARAT ROAD ONDIT 3249,,"1030",,COLAC-BALLARAT,ROAD,,ONDIT,"314","3249","20134510000",House,GPO,1,731244.480896519,5765072.85905436
"121187","315406","53046355","41103500",465 PORTREATH ROAD PARAPARAP 3240,,"465",,PORTREATH,ROAD,,PARAPARAP,"365","3240","20563460000",House,GPO,1,776721.142033738,5752880.86095018
"121589","2064949","53057185","41111609",255 DUNSE TRACK PENNYROYAL 3235,,"255",,DUNSE,TRACK,,PENNYROYAL,"365","3235","20562760000",House,GPO,1,751486.442476922,5739376.26686897
"104619","747","53692144","52626601",5670 GREAT OCEAN ROAD PETTICOAT CREEK 3233,,"5670",,GREAT OCEAN,ROAD,,PETTICOAT CREEK,"314","3233","20135842000",House,GPO,1,738085.484601227,5711349.71387964
"108089","201115","53486031","5175295",1365 PRINCES HIGHWAY PIRRON YALLOCK 3249,,"1365",,PRINCES,HIGHWAY,,PIRRON YALLOCK,"314","3249","20134520000",House,GPO,1,713603.377250468,5752111.70360164
"616641","780244","221657350","221657348",1000 GILL ROAD POINT LONSDALE 3225,,"1000",,GILL,ROAD,,POINT LONSDALE,"327","3225","20262170000",House,GPO,1,814498.672545075,5757193.43640993
"285887","114147","53018105","41051728",195 POUSTIES ROAD POINT WILSON 3212,,"195",,POUSTIES,ROAD,,POINT WILSON,"327","3212","20264332000",House,GPO,1,806337.195919329,5785925.88656415
"109518","540674","53978034","5161800",80 KOALLAH-POMBORNEIT ROAD POMBORNEIT 3260,,"80",,KOALLAH-POMBORNEIT,ROAD,,POMBORNEIT,"315","3260","20139171000",House,GPO,1,700439.39385202,5758759.04473036
"108543","996770","53975818","126016011",80 MOFFATS ROAD POMBORNEIT EAST 3249,,"80",,MOFFATS,ROAD,,POMBORNEIT EAST,"315","3249","20138343000",House,GPO,1,709298.368265317,5755279.98775254
"109520","541304","54020411","52739019",530 POMBORNEIT-FOXHOW ROAD POMBORNEIT NORTH 3260,,"530",,POMBORNEIT-FOXHOW,ROAD,,POMBORNEIT NORTH,"315","3260","20137060000",House,GPO,1,702846.399348034,5765313.92606105
"90477","583196","101414182","5169209",299 EASTERN CREEK ROAD PORT CAMPBELL 3269,,"299",,EASTERN CREEK,ROAD,,PORT CAMPBELL,"315","3269","20138701000",House,GPO,1,677835.294634886,5726271.96131591
"725304","115975","54721285","53053912",331-349 QUEENSCLIFF ROAD PORTARLINGTON 3223,,"331",,QUEENSCLIFF,ROAD,,PORTARLINGTON,"327","3223","20256930000",House,GPO,1,819833.923823361,5771156.33719928
"92859","535940","54723133","53055762",862 EASTERN CREEK ROAD PRINCETOWN 3269,,"862",,EASTERN CREEK,ROAD,,PRINCETOWN,"315","3269","20138790000",House,GPO,1,682797.324693894,5725935.75644042
"725292","15096","53631711","41014154",4 MCDONALD ROAD QUEENSCLIFF 3225,,"4",,MCDONALD,ROAD,,QUEENSCLIFF,"360","3225","20535430000",House,GPO,1,817265.268848526,5758817.25587692
"662406","104466","202033317","202033316",12 MARGARET STREET RIPPLESIDE 3215,,"12",,MARGARET,STREET,,RIPPLESIDE,"327","3215","20247110000",House,GPO,1,794013.796153706,5775041.50067675
"164236","2361","53391984","5016520",37 AITCHISON STREET ROKEWOOD 3330,,"37",,AITCHISON,STREET,,ROKEWOOD,"324","3330","20202750000",House,GPO,1,739388.770450625,5801447.47521277
"164270","2802","53372310","45017071",295 CAPE CLEAR-ROKEWOOD ROAD ROKEWOOD JUNCTION 3351,,"295",,CAPE CLEAR-ROKEWOOD,ROAD,,ROKEWOOD JUNCTION,"324","3351","20203641000",House,GPO,1,735505.545646859,5805771.41453924
"273246","1318","53043455","41094367",373 RUSSELLS BRIDGE ROAD RUSSELLS BRIDGE 3331,,"373",,RUSSELLS BRIDGE,ROAD,,RUSSELLS BRIDGE,"324","3331","20203020000",House,GPO,1,779018.999928166,5788766.00035991
"91686","532729","125021917","125021916",410 MURFITTS ROAD SCOTTS CREEK 3267,,"410",,MURFITTS,ROAD,,SCOTTS CREEK,"315","3267","20138860000",House,GPO,1,684677.199070939,5744026.66326773
"156554","635483","53482568","41112205",15 HARRINGTON STREET SEPARATION CREEK 3234,,"15",,HARRINGTON,STREET,,SEPARATION CREEK,"314","3234","20135560000",House,GPO,1,752185.258373577,5720511.0956095
"273165","1109","53044266","41092992",89 STRONG ROAD SHE OAKS 3331,,"89",,STRONG,ROAD,,SHE OAKS,"324","3331","20202980000",House,GPO,1,775605.642012913,5798961.16141392
"208973","830","207460358","207460357",1739 BANNOCKBURN-SHELFORD ROAD SHELFORD 3329,,"1739",,BANNOCKBURN-SHELFORD,ROAD,,SHELFORD,"324","3329","20202960000",House,GPO,1,761518.999524855,5788427.99989809
"91688","532865","53979650","5168679",1614 LAVERS HILL-COBDEN ROAD SIMPSON 3266,,"1614",,LAVERS HILL-COBDEN,ROAD,,SIMPSON,"315","3266","20139080000",House,GPO,1,691300.343107781,5743376.96014479
"104622","750","53692154","52626611",130 HICKEYS CUTTING SKENES CREEK 3233,,"130",,HICKEYS,CUTTING,,SKENES CREEK,"314","3233","20135841000",House,GPO,1,736433.69972004,5711651.86521433
"104623","751","53692160","52626617",560 SKENES CREEK ROAD SKENES CREEK NORTH 3233,,"560",,SKENES CREEK,ROAD,,SKENES CREEK NORTH,"314","3233","20134870000",House,GPO,1,735542.97999271,5713053.70970964
"633435","3191165","221622955","221622954",106A GRAVEL PITS ROAD SOUTH GEELONG 3220,,"106",A,GRAVEL PITS,ROAD,,SOUTH GEELONG,"327","3220","20245850000",House,GPO,1,794786.123865945,5768937.30697845
"91656","11892","53977597","5161363",97 NEHILL AND ALEXANDERS ROAD SOUTH PURRUMBETE 3260,,"97",,NEHILL AND ALEXANDERS,ROAD,,SOUTH PURRUMBETE,"315","3260","20138210000",House,GPO,1,691771.370293068,5752268.02419238
"616605","118790","53098260","41037960",35-37 WOODS ROAD ST ALBANS PARK 3219,,"35",,WOODS,ROAD,,ST ALBANS PARK,"327","3219","20236070000",House,GPO,1,796966.119334531,5766987.54489239
"725299","106463","206322027","206322026",5-105 MANIFOLD ROAD ST LEONARDS 3223,,"5",,MANIFOLD,ROAD,,ST LEONARDS,"327","3223","20263060000",House,GPO,1,820873.059034689,5766141.13439177
"273407","789184","53043361","41094249",34 SEAL ROAD STEIGLITZ 3331,,"34",,SEAL,ROAD,,STEIGLITZ,"324","3331","20202980000",House,GPO,1,779529.300448745,5799612.69640852
"130674","677301","54020528","52739129",1571 HAMILTON HIGHWAY STONEHAVEN 3218,,"1571",,HAMILTON,HIGHWAY,,STONEHAVEN,"324","3218","20203040000",House,GPO,1,779546.999859759,5776181.00034441
"108125","202223","53793490","5160399",2274 COBDEN-STONYFORD ROAD STONYFORD 3260,,"2274",,COBDEN-STONYFORD,ROAD,,STONYFORD,"314","3260","20134240000",House,GPO,1,702491.321980244,5755396.87605951
"156602","649953","53483961","41111082",5092 GREAT OCEAN ROAD SUGARLOAF 3234,,"5092",,GREAT OCEAN,ROAD,,SUGARLOAF,"314","3234","20135822000",House,GPO,1,742894.689854289,5713137.96963266
"130969","1148","214708282","214708280",310 BAKERS BRIDGE ROAD SUTHERLANDS CREEK 3331,,"310",,BAKERS BRIDGE,ROAD,,SUTHERLANDS CREEK,"324","3331","20203630000",House,GPO,1,784738.112081256,5783657.51863896
"725301","108688","215285249","215285247",1182-1190 SWAN BAY ROAD SWAN BAY 3225,,"1182",,SWAN BAY,ROAD,,SWAN BAY,"327","3225","20263050000",House,GPO,1,818151.040163943,5762386.80865782
"725291","14006","53714267","52633790",1 SWAN ISLAND SWAN ISLAND 3225,,"1",,SWAN ISLAND,,,SWAN ISLAND,"360","3225","20535311000",House,GPO,1,821494.220952806,5759989.35750167
"108097","201263","53487618","45191177",365 SETTLEMENT ROAD SWAN MARSH 3249,,"365",,SETTLEMENT,ROAD,,SWAN MARSH,"314","3249","20134590000",House,GPO,1,705592.55619767,5752860.1639463
"88040","2536049","53977599","5161369",75 BEALS ROAD TANDAROOK 3260,,"75",,BEALS,ROAD,,TANDAROOK,"315","3260","20139162000",House,GPO,1,692538.083235853,5759488.70338049
"104617","594","53055574","41110684",1100 SKENES CREEK ROAD TANYBRYN 3249,,"1100",,SKENES CREEK,ROAD,,TANYBRYN,"314","3249","20135491000",House,GPO,1,737371.930280496,5717054.36999324
"128598","1683","53064223","41097614",99 MERCER STREET TEESDALE 3328,,"99",,MERCER,STREET,,TEESDALE,"324","3328","20203250000",House,GPO,1,768896.259858916,5785460.52724656
"88088","3077017","53268769","52546416",46 BEALS ROAD TESBURY 3260,,"46",,BEALS,ROAD,,TESBURY,"315","3260","20139161000",House,GPO,1,692498.99980528,5759579.99962043
"668017","103023","202739866","202739865",26 MARTIN STREET THOMSON (GEELONG) 3219,,"26",,MARTIN,STREET,,THOMSON (GEELONG),"327","3219","20245612000",House,GPO,1,795306.838802807,5770384.90413589
"90503","697813","131463030","131463029",605 TIMBOON-PORT CAMPBELL ROAD TIMBOON 3268,,"605",,TIMBOON-PORT CAMPBELL,ROAD,,TIMBOON,"315","3268","20139020000",House,GPO,1,676652.784628093,5733237.51484568
"31189","758416","53103195","41029784",181 THE ESPLANADE TORQUAY 3228,,"181",,THE ESPLANADE,,,TORQUAY,"365","3228","20559640000",House,GPO,1,791978.871793127,5753600.91723688
"90466","561945","128863194","45182553",170 WAARRE ROAD WAARRE 3269,,"170",,WAARRE,ROAD,,WAARRE,"315","3269","20138703000",House,GPO,1,678027.000293896,5727562.00038986
"165150","1864660","53374196","45210137",739 PADGETTS ROAD WALLINDUC 3351,,"739",,PADGETTS,ROAD,,WALLINDUC,"324","3351","20202014000",House,GPO,1,722438.494153953,5798696.40807538
"715809","652448","212186499","212186498",281-289 CURLEWIS ROAD WALLINGTON 3222,,"281",,CURLEWIS,ROAD,,WALLINGTON,"327","3222","20263350000",House,GPO,1,807195.523206058,5765390.38397911
"133254","98146","150664113","150664112",47 SUNDERLAND ROAD WANDANA HEIGHTS 3216,,"47",,SUNDERLAND,ROAD,,WANDANA HEIGHTS,"327","3216","20254950000",House,GPO,1,789309.053598444,5769473.48783284
"110008","367","212503512","212503510",39 ROSENEATH ROAD WARNCOORT 3243,,"39",,ROSENEATH,ROAD,,WARNCOORT,"314","3243","20134550000",House,GPO,1,737132.598178136,5756465.13341824
"110049","201288","53485353","5176935",115 MCKENZIES ROAD WARRION 3249,,"115",,MCKENZIES,ROAD,,WARRION,"314","3249","20134612000",House,GPO,1,725413.933070723,5767920.39288736
"103401","973024","134111801","134111800",35 PARKERS ACCESS TRACK WATTLE HILL 3237,,"35",,PARKERS ACCESS,TRACK,,WATTLE HILL,"315","3237","20138290000",House,GPO,1,695905.999695023,5708470.99937287
"138809","819850","53064768","41098751",185 HONEYS ROAD WAURN PONDS 3216,,"185",,HONEYS,ROAD,,WAURN PONDS,"327","3216","20256602000",House,GPO,1,784688.669376883,5768400.35149415
"104210","203039","53793767","5494166",4050 COLAC-LAVERS HILL ROAD WEEAPROINAH 3237,,"4050",,COLAC-LAVERS HILL,ROAD,,WEEAPROINAH,"314","3237","20135012000",House,GPO,1,717816.97492563,5720829.44376598
"110026","201134","53792909","5176480",280 POORNEET ROAD WEERING 3251,,"280",,POORNEET,ROAD,,WEERING,"314","3251","20134640000",House,GPO,1,738850.969877474,5782639.37936453
"109505","530578","53004299","52487754",125 JOHNSTONES ROAD WEERITE 3260,,"125",,JOHNSTONES,ROAD,,WEERITE,"315","3260","20137780000",House,GPO,1,699721.000384355,5764431.0003765
"121153","263074","53045922","41102714",350 WORMBETE STATION ROAD WENSLEYDALE 3241,,"350",,WORMBETE STATION,ROAD,,WENSLEYDALE,"365","3241","20562800000",House,GPO,1,766728.617380239,5754449.11681867
"164246","2373","53392354","5200457",1110 PITFIELD-CRESSY ROAD WERNETH 3352,,"1110",,PITFIELD-CRESSY,ROAD,,WERNETH,"324","3352","20202011000",House,GPO,1,729521.510829789,5800914.35384089
"633496","102521","206295923","206295922",12 KOALA COURT WHITTINGTON 3219,,"12",,KOALA,COURT,,WHITTINGTON,"327","3219","20236270000",House,GPO,1,796571.563993997,5768863.7449436
"121685","102","202909695","202909694",475 RIFLE BUTTS ROAD WHOOREL 3243,,"475",,RIFLE BUTTS,ROAD,,WHOOREL,"314","3243","20134010000",House,GPO,1,748503.339949614,5749497.59001873
"125803","682","53067433","41095598",135 PRICES LANE WINCHELSEA 3241,,"135",,PRICES,LANE,,WINCHELSEA,"314","3241","20134220000",House,GPO,1,747308.227989766,5759154.59115486
"122656","263294","53047137","41101729",1172 WINCHELSEA-DEANS MARSH ROAD WINCHELSEA SOUTH 3241,,"1172",,WINCHELSEA-DEANS MARSH,ROAD,,WINCHELSEA SOUTH,"365","3241","20563432000",House,GPO,1,759076.545357212,5752080.00935588
"110112","203225","53796840","45192254",35 POORNEET STATION ROAD S WINGEEL 3321,,"35",,POORNEET STATION,ROAD,S,WINGEEL,"314","3321","20134600000",House,GPO,1,741760.747542164,5781952.58813128
"104763","649290","53692142","52626599",5640 GREAT OCEAN ROAD WONGARRA 3234,,"5640",,GREAT OCEAN,ROAD,,WONGARRA,"314","3234","20135830000",House,GPO,1,738432.820236769,5711449.56038555
"109478","201292","53485378","5177463",545 WOOL WOOL ROAD WOOL WOOL 3249,,"545",,WOOL WOOL,ROAD,,WOOL WOOL,"314","3249","20134480000",House,GPO,1,714630.122345059,5765200.82516819
"125878","263072","53045892","41102664",135 WENSLEYDALE STATION ROAD WURDIBOLUC 3241,,"135",,WENSLEYDALE STATION,ROAD,,WURDIBOLUC,"365","3241","20563310000",House,GPO,1,765889.485774177,5755115.60383894
"156551","635480","53482551","41112056",63 KARINGAL DRIVE WYE RIVER 3234,,"63",,KARINGAL,DRIVE,,WYE RIVER,"314","3234","20135420000",House,GPO,1,751726.373973964,5720304.90163662
"103077","201869","53149532","52515093",420 AMIETS ROAD WYELANGTA 3237,,"420",,AMIETS,ROAD,,WYELANGTA,"314","3237","20135650000",House,GPO,1,710549.53038999,5714689.66993859
"112711","229501","123404474","123404473",130 COLAC-FORREST ROAD YEO 3249,,"130",,COLAC-FORREST,ROAD,,YEO,"314","3249","20134070000",House,GPO,1,729051.148817172,5752891.93019817
"119975","285","173760266","173760265",312 YEO-YEODENE ROAD YEODENE 3249,,"312",,YEO-YEODENE,ROAD,,YEODENE,"314","3249","20133840000",House,GPO,1,733293.689232042,5747238.7813916
"103078","201879","128344996","128344994",5750 GREAT OCEAN ROAD YUULONG 3237,,"5750",,GREAT OCEAN,ROAD,,YUULONG,"314","3237","20136000000",House,GPO,1,700813.174204855,5710448.50213416
"999999","0","0","0",,,,,,,,MELBOURNE,,,,House,GPO,1,841924.6,5808324.9
