ID,Nodeno,LandUse,EvacID,NuminZone,Size,Town,Prob,ProbLow,ProbHigh,AddinZone,NuminTown,Counter,xcoord,ycoord
13193809,172661,EvacZone,61,2,266,RURAL,0.030152,0.000000,0.000000,533,8822.000000,1,747068.82251,5743230.80475
13193810,172662,Beach,63,1,100,GOR SOUTH,0.000000,0.000000,0.000000,1150,2300.000000,1,753128.71399,5720791.13233
13193811,172663,EvacZone,63,1,1150,GOR SOUTH,0.500000,0.000000,0.000000,1150,2300.000000,1,753106.68607,5720756.01328
13193812,172664,Caravan Park,216,1,300,CUMBERLAND RIVER,0.000000,0.000000,0.000000,171,171.000000,1,756924.90574,5726253.79922
13193813,172665,EvacZone,211,1,403,BIRREGURRA,0.500000,0.000000,0.000000,403,806.000000,1,743321.97342,5752746.13801
13193814,172666,Shops,211,1,300,BIRREGURRA,0.000000,0.000000,0.000000,403,806.000000,1,743497.21054,5753100.09307
13193815,172667,EvacZone,60,4,63,RURAL,0.007141,0.000000,0.000000,251,8822.000000,1,746928.28977,5752889.12759
13193816,172668,EvacZone,60,4,63,RURAL,0.007141,0.000000,0.000000,251,8822.000000,1,747929.40958,5756168.60637
13193817,172669,EvacZone,62,4,63,RURAL,0.007141,0.000000,0.000000,253,8822.000000,1,746242.57298,5746659.62266
13193818,172670,EvacZone,62,4,63,RURAL,0.007141,0.000000,0.000000,253,8822.000000,1,748516.43992,5749521.73272
13193819,172671,EvacZone,8,9,29,RURAL,0.003287,0.000000,0.000000,265,8822.000000,1,753084.65036,5753816.61863
13193820,172672,EvacZone,8,9,29,RURAL,0.003287,0.000000,0.000000,265,8822.000000,1,759054.10988,5751918.89673
13193821,172673,EvacZone,8,9,29,RURAL,0.003287,0.000000,0.000000,265,8822.000000,1,759897.29075,5753954.22426
13193822,172674,EvacZone,7,1,351,RURAL,0.039787,0.000000,0.000000,351,8822.000000,1,752752.15136,5743870.14467
13193823,172675,EvacZone,8,9,29,RURAL,0.003287,0.000000,0.000000,265,8822.000000,1,765650.43488,5753930.57744
13193824,172676,EvacZone,12,3,57,RURAL,0.006461,0.000000,0.000000,171,8822.000000,1,778001.88961,5754631.44216
13193825,172677,Beach,141,1,20,ANGLESEA,0.100000,0.000000,0.000000,74,7044.000000,1,776580.38162,5741915.32936
13193826,172679,Beach,151,1,200,ANGLESEA,0.600000,0.000000,0.000000,59,7044.000000,1,777498.11629,5741920.33946
13193827,172683,EvacZone,141,1,74,ANGLESEA,0.010505,0.000000,0.000000,74,7044.000000,1,776787.79156,5742055.04710
13193828,172684,EvacZone,146,1,99,ANGLESEA,0.014055,0.000000,0.000000,99,7044.000000,1,776955.86985,5742052.03546
13193829,172686,Golf Club,156,1,200,ANGLESEA,0.000000,0.000000,0.000000,0,7044.000000,1,777196.72455,5744398.58775
13193830,172687,EvacZone,156,1,118,ANGLESEA,0.016752,0.000000,0.000000,118,7044.000000,1,777281.57391,5744336.00520
13193831,172688,EvacZone,154,1,94,ANGLESEA,0.013345,0.000000,0.000000,94,7044.000000,1,777234.81615,5743780.01092
13193832,172689,EvacZone,182,3,16,ANGLESEA,0.002271,0.000000,0.000000,47,7044.000000,1,776767.09224,5743769.16372
13193833,172690,EvacZone,181,1,34,ANGLESEA,0.004827,0.000000,0.000000,34,7044.000000,1,776912.58012,5743569.34535
13193834,172692,EvacZone,149,1,159,ANGLESEA,0.022572,0.000000,0.000000,159,7044.000000,1,776543.69358,5744025.32377
13193835,172693,EvacZone,180,3,30,ANGLESEA,0.004259,0.000000,0.000000,89,7044.000000,1,776568.93523,5743689.84358
13193836,172695,EvacZone,145,1,35,ANGLESEA,0.005821,0.000000,0.000000,35,7044.000000,1,777034.92958,5743303.37519
13193837,172698,EvacZone,179,1,88,ANGLESEA,0.004117,0.000000,0.000000,88,7044.000000,1,776307.30846,5743529.85690
13193838,172700,EvacZone,144,1,71,ANGLESEA,0.004117,0.000000,0.000000,71,7044.000000,1,776794.50326,5743015.27600
13193839,172703,EvacZone,205,1,31,ANGLESEA,0.002271,0.000000,0.000000,31,7044.000000,1,777433.44518,5742989.29069
13193840,172705,EvacZone,206,1,30,ANGLESEA,0.004259,0.000000,0.000000,30,7044.000000,1,777500.53929,5742738.52265
13193841,172706,EvacZone,152,1,49,ANGLESEA,0.003407,0.000000,0.000000,49,7044.000000,1,777487.95417,5742688.01830
13193842,172709,EvacZone,204,1,38,ANGLESEA,0.001846,0.000000,0.000000,38,7044.000000,1,776998.65426,5742753.99225
13193843,172710,EvacZone,203,1,31,ANGLESEA,0.004401,0.000000,0.000000,31,7044.000000,1,777138.78893,5742579.41607
13193844,172711,EvacZone,151,1,59,ANGLESEA,0.008376,0.000000,0.000000,59,7044.000000,1,777426.47243,5742212.49281
13193845,172714,EvacZone,147,3,32,ANGLESEA,0.004543,0.000000,0.000000,96,7044.000000,1,777026.20062,5742386.54281
13193846,172716,EvacZone,143,1,34,ANGLESEA,0.004827,0.000000,0.000000,34,7044.000000,1,776829.55840,5742643.67371
13193847,172718,EvacZone,142,1,46,ANGLESEA,0.006530,0.000000,0.000000,46,7044.000000,1,776690.27774,5742422.63392
13193848,172719,EvacZone,159,1,38,ANGLESEA,0.002697,0.000000,0.000000,38,7044.000000,1,777908.65123,5743500.16013
13193849,172720,EvacZone,158,1,46,ANGLESEA,0.002129,0.000000,0.000000,46,7044.000000,1,777837.33273,5743458.02044
13193850,172723,EvacZone,155,1,56,ANGLESEA,0.007950,0.000000,0.000000,56,7044.000000,1,777520.45076,5743372.81009
13193851,172724,EvacZone,208,1,121,ANGLESEA,0.017178,0.000000,0.000000,121,7044.000000,1,777754.41160,5743648.96788
13193852,172725,EvacZone,161,1,65,ANGLESEA,0.009228,0.000000,0.000000,65,7044.000000,1,777637.89425,5743883.44763
13193853,172726,EvacZone,148,1,59,ANGLESEA,0.008376,0.000000,0.000000,59,7044.000000,1,777201.16513,5743148.09301
13193854,172729,EvacZone,153,1,53,ANGLESEA,0.007524,0.000000,0.000000,53,7044.000000,1,777396.90649,5743429.09618
13193855,172731,EvacZone,150,1,46,ANGLESEA,0.006530,0.000000,0.000000,46,7044.000000,1,777187.97219,5743292.75372
13193856,172733,EvacZone,166,1,101,ANGLESEA,0.004827,0.000000,0.000000,101,7044.000000,1,777719.20576,5744296.47193
13193857,172734,EvacZone,170,1,50,ANGLESEA,0.007098,0.000000,0.000000,50,7044.000000,1,778011.32591,5744510.41182
13193858,172737,Caravan Park,163,1,48,ANGLESEA,0.000000,0.000000,0.000000,48,7044.000000,1,777704.05806,5743980.73808
13193859,172742,EvacZone,169,1,81,ANGLESEA,0.011499,0.000000,0.000000,81,7044.000000,1,777578.61234,5744784.26967
13193860,172745,EvacZone,209,1,96,ANGLESEA,0.013629,0.000000,0.000000,96,7044.000000,1,777528.01183,5744592.20828
13193861,172746,EvacZone,168,1,36,ANGLESEA,0.005111,0.000000,0.000000,36,7044.000000,1,777670.33265,5744463.21432
13193862,172747,EvacZone,157,1,66,ANGLESEA,0.009370,0.000000,0.000000,66,7044.000000,1,777188.74097,5744535.42110
13193863,172748,EvacZone,165,1,31,ANGLESEA,0.004401,0.000000,0.000000,31,7044.000000,1,777089.45703,5744530.14634
13193864,172750,Hotel,164,1,100,ANGLESEA,0.000000,0.000000,0.000000,0,7044.000000,1,778210.63486,5744138.97464
13193865,172752,EvacZone,164,1,173,ANGLESEA,0.008234,0.000000,0.000000,173,7044.000000,1,778184.49371,5744067.60194
13193866,172754,EvacZone,167,1,35,ANGLESEA,0.004969,0.000000,0.000000,35,7044.000000,1,778079.62738,5744274.93348
13193867,172757,Kindergarten,164,1,30,ANGLESEA,0.000000,0.000000,0.000000,0,7044.000000,1,778154.87981,5743919.35957
13193868,172759,EvacZone,162,1,72,ANGLESEA,0.010221,0.000000,0.000000,72,7044.000000,1,778120.34867,5743785.33014
13193869,172760,EvacZone,163,1,48,ANGLESEA,0.001420,0.000000,0.000000,48,7044.000000,1,777757.59213,5743865.85384
13193870,172761,Shops,160,1,30,ANGLESEA,0.000000,0.000000,0.000000,0,7044.000000,1,778279.66613,5743500.15352
13193871,172763,EvacZone,160,1,111,ANGLESEA,0.015758,0.000000,0.000000,111,7044.000000,1,778158.99318,5743545.25656
13193872,172764,Beach,160,1,200,ANGLESEA,0.200000,0.000000,0.000000,0,7044.000000,1,778406.90316,5743587.79637
13193873,172767,NSP,160,1,500,ANGLESEA,0.000000,0.000000,0.000000,0,7044.000000,1,778358.96582,5743692.86289
13193874,172770,Beach,164,1,20,ANGLESEA,0.100000,0.000000,0.000000,0,7044.000000,1,778237.06886,5743964.79164
13193875,172771,EvacZone,73,1,1,ANGLESEA,0.026689,0.000000,0.000000,1,7044.000000,1,778646.91065,5743887.89209
13193876,172772,Caravan Park,73,1,500,ANGLESEA,0.000000,0.000000,0.000000,563,7044.000000,1,778649.17232,5743860.56825
13193877,172775,Shops,172,1,100,ANGLESEA,0.000000,0.000000,0.000000,0,7044.000000,1,778433.82508,5744429.17115
13193878,172776,Business District,172,1,400,ANGLESEA,0.000000,0.000000,0.000000,0,7044.000000,1,778463.27590,5744455.45530
13193879,172777,Shops,172,1,400,ANGLESEA,0.000000,0.000000,0.000000,0,7044.000000,1,778482.57737,5744462.75843
13193880,172778,NSP,172,1,400,ANGLESEA,0.000000,0.000000,0.000000,0,7044.000000,1,778507.88547,5744455.63954
13193881,172779,Secondary,172,1,100,ANGLESEA,0.000000,0.000000,0.000000,0,7044.000000,1,778546.67853,5744446.73313
13193882,172780,EvacZone,172,1,64,ANGLESEA,0.009086,0.000000,0.000000,64,7044.000000,1,778669.73400,5744469.54965
13193883,172781,EvacZone,171,1,38,ANGLESEA,0.001846,0.000000,0.000000,38,7044.000000,1,778313.65253,5744590.77646
13193884,172784,EvacZone,71,1,41,ANGLESEA,0.005821,0.000000,0.000000,41,7044.000000,1,778998.95182,5744092.75721
13193885,172785,EvacZone,72,1,34,ANGLESEA,0.004827,0.000000,0.000000,34,7044.000000,1,779060.59145,5744152.03038
13193886,172786,EvacZone,70,1,86,ANGLESEA,0.004117,0.000000,0.000000,86,7044.000000,1,778887.78374,5744453.09544
13193887,172789,EvacZone,177,1,38,ANGLESEA,0.005395,0.000000,0.000000,38,7044.000000,1,778656.32946,5744674.31198
13193888,172791,EvacZone,174,1,41,ANGLESEA,0.005821,0.000000,0.000000,41,7044.000000,1,778469.25079,5744788.70201
13193889,172793,EvacZone,173,1,41,ANGLESEA,0.005821,0.000000,0.000000,41,7044.000000,1,778453.86883,5744716.97295
13193890,172794,Camp,67,1,100,ANGLESEA,0.000000,0.000000,0.000000,0,7044.000000,1,778836.49665,5745094.30493
13193891,172795,EvacZone,67,1,42,ANGLESEA,0.005963,0.000000,0.000000,42,7044.000000,1,778889.72479,5744956.49892
13193892,172796,EvacZone,69,1,25,ANGLESEA,0.001136,0.000000,0.000000,25,7044.000000,1,779042.99134,5744590.90353
13193893,172797,Business District,69,1,100,ANGLESEA,0.000000,0.000000,0.000000,25,7044.000000,1,779012.88562,5744520.34118
13193894,172799,Camp,69,1,100,ANGLESEA,0.000000,0.000000,0.000000,0,7044.000000,1,778948.04363,5744611.19874
13193895,172801,EvacZone,68,1,58,ANGLESEA,0.008234,0.000000,0.000000,58,7044.000000,1,778824.77616,5744728.18944
13193896,172805,EvacZone,176,1,45,ANGLESEA,0.006388,0.000000,0.000000,45,7044.000000,1,778555.65559,5744968.98653
13193897,172807,EvacZone,66,1,47,ANGLESEA,0.006672,0.000000,0.000000,47,7044.000000,1,778617.89526,5744890.49708
13193898,172808,EvacZone,178,1,29,ANGLESEA,0.004117,0.000000,0.000000,29,7044.000000,1,778734.79042,5745076.17734
13193899,172809,EvacZone,175,1,68,ANGLESEA,0.004827,0.000000,0.000000,68,7044.000000,1,778565.91298,5745186.07806
13193900,172811,Primary,217,1,100,ANGLESEA,0.000000,0.000000,0.000000,0,7044.000000,1,778779.70651,5745319.61958
13193901,172812,Business District,217,2,20,ANGLESEA,0.000000,0.000000,0.000000,0,7044.000000,1,778791.70915,5745372.55639
13193902,172813,Business District,217,2,30,ANGLESEA,0.000000,0.000000,0.000000,0,7044.000000,1,779513.96035,5746544.88888
13193903,172814,Beach,196,1,200,RURAL,0.000000,0.000000,0.000000,3,8822.000000,1,783893.99460,5745788.90364
13193904,172815,EvacZone,199,2,30,BELLBRAE,0.204082,0.000000,0.000000,60,147.000000,1,784349.47726,5748738.45370
13193905,172816,EvacZone,64,1,2,BELLBRAE,0.013605,0.000000,0.000000,2,147.000000,1,783275.79034,5747879.40318
13193906,172817,Beach,200,2,50,RURAL,0.000000,0.000000,0.000000,50,8822.000000,1,786985.47082,5748372.83646
13193907,172818,Beach,200,2,100,RURAL,0.000000,0.000000,0.000000,50,8822.000000,1,786255.54497,5747965.81546
13193908,172819,EvacZone,199,2,30,BELLBRAE,0.204082,0.000000,0.000000,60,147.000000,1,783883.92603,5749068.46106
13193909,172820,EvacZone,200,1,50,BELLBRAE,0.340136,0.000000,0.000000,50,147.000000,1,785564.44736,5749567.91519
13193910,172821,EvacZone,30,2,135,BELLS BEACH,0.500000,0.000000,0.000000,270,270.000000,1,787732.26408,5749845.88297
13193911,172822,EvacZone,30,2,135,BELLS BEACH,0.500000,0.000000,0.000000,270,270.000000,1,787270.38963,5749732.90761
13193912,172823,EvacZone,31,1,92,RURAL,0.010428,0.000000,0.000000,92,8822.000000,1,787120.50826,5750731.62448
13193913,172824,EvacZone,58,2,82,RURAL,0.009295,0.000000,0.000000,164,8822.000000,1,786410.44631,5751655.14627
13193914,172825,EvacZone,32,1,264,JAN JUC,0.094726,0.000000,0.000000,264,2787.000000,1,788233.29916,5750636.77437
13193915,172826,Beach,35,1,30,JAN JUC,0.000000,0.000000,0.000000,234,2787.000000,1,788528.10978,5750214.98843
13193916,172827,EvacZone,35,1,234,JAN JUC,0.083961,0.000000,0.000000,234,2787.000000,1,788325.71422,5750146.95933
13193917,172828,EvacZone,57,1,233,JAN JUC,0.083602,0.000000,0.000000,233,2787.000000,1,788027.29114,5750472.52490
13193918,172829,EvacZone,37,2,176,JAN JUC,0.063150,0.000000,0.000000,351,2787.000000,1,787937.70214,5751162.72229
13193919,172830,EvacZone,215,1,43,RURAL,0.002834,0.000000,0.000000,43,8822.000000,1,785244.23233,5752161.03719
13193920,172831,EvacZone,214,1,50,RURAL,0.002834,0.000000,0.000000,50,8822.000000,1,785214.61151,5752348.59514
13193921,172832,EvacZone,36,2,142,JAN JUC,0.050951,0.000000,0.000000,285,2787.000000,1,788696.08706,5751173.99170
13193922,172833,EvacZone,37,2,176,JAN JUC,0.063150,0.000000,0.000000,351,2787.000000,1,788334.33559,5751313.72399
13193923,172834,EvacZone,34,2,198,JAN JUC,0.071044,0.000000,0.000000,395,2787.000000,1,788959.75094,5751147.12534
13193924,172835,EvacZone,36,2,142,JAN JUC,0.050951,0.000000,0.000000,285,2787.000000,1,788647.32407,5750826.88501
13193925,172836,EvacZone,53,1,314,TORQUAY,0.020784,0.000000,0.000000,314,15108.000000,1,789097.32235,5752238.20416
13193926,172837,EvacZone,33,1,296,TORQUAY,0.019592,0.000000,0.000000,296,15108.000000,1,788969.59653,5751740.77668
13193927,172838,Beach,34,1,100,JAN JUC,0.000000,0.000000,0.000000,395,2787.000000,1,789125.65437,5750638.52234
13193928,172839,EvacZone,34,2,198,JAN JUC,0.071044,0.000000,0.000000,395,2787.000000,1,789016.73660,5750696.19489
13193929,172840,Beach,54,3,100,TORQUAY,0.000000,0.000000,0.000000,224,15108.000000,1,790006.00295,5750945.92830
13193930,172841,Golf Club,34,1,200,JAN JUC,0.000000,0.000000,0.000000,395,2787.000000,1,789434.99816,5751266.44194
13193931,172842,EvacZone,29,1,244,TORQUAY,0.016150,0.000000,0.000000,244,15108.000000,1,787800.28023,5753848.22042
13193932,172843,EvacZone,54,2,336,TORQUAY,0.022240,0.000000,0.000000,673,15108.000000,1,790479.87424,5751274.90985
13193933,172844,Beach,54,3,300,TORQUAY,0.000000,0.000000,0.000000,224,15108.000000,1,790641.84348,5751394.20125
13193934,172845,Caravan Park,54,1,500,TORQUAY,0.000000,0.000000,0.000000,673,15108.000000,1,790106.78926,5751427.52566
13193935,172846,Shops,59,1,50,TORQUAY,0.000000,0.000000,0.000000,235,15108.000000,1,789902.15203,5752276.48654
13193936,172847,EvacZone,59,1,235,TORQUAY,0.015555,0.000000,0.000000,235,15108.000000,1,789662.47098,5752203.25845
13193937,172848,EvacZone,207,3,23,RURAL,0.002607,0.000000,0.000000,68,8822.000000,1,781426.47412,5753993.01837
13193938,172849,Shops,41,1,200,TORQUAY,0.000000,0.000000,0.000000,873,15108.000000,1,789974.17245,5752810.54643
13193939,172850,Business District,41,1,300,TORQUAY,0.000000,0.000000,0.000000,873,15108.000000,1,789848.05453,5752795.44381
13193940,172851,EvacZone,41,2,436,TORQUAY,0.028859,0.000000,0.000000,873,15108.000000,1,789481.27797,5752891.73569
13193941,172852,Beach,54,3,200,TORQUAY,0.000000,0.000000,0.000000,224,15108.000000,1,790599.42678,5751665.27000
13193942,172853,EvacZone,54,2,336,TORQUAY,0.022240,0.000000,0.000000,673,15108.000000,1,790346.32449,5751712.70300
13193943,172854,EvacZone,39,1,692,TORQUAY,0.045804,0.000000,0.000000,692,15108.000000,1,790334.82402,5752066.10890
13193944,172855,Shops,39,3,200,TORQUAY,0.000000,0.000000,0.000000,231,15108.000000,1,790670.88255,5752085.50432
13193945,172856,Shops,39,3,200,TORQUAY,0.000000,0.000000,0.000000,231,15108.000000,1,790505.64718,5752116.69154
13193946,172857,Shops,39,3,100,TORQUAY,0.000000,0.000000,0.000000,231,15108.000000,1,790357.10312,5752184.65303
13193947,172858,EvacZone,58,2,82,TORQUAY,0.005428,0.000000,0.000000,164,15108.000000,1,786742.94089,5754124.51247
13193948,172859,Primary,41,1,873,TORQUAY,0.000000,0.000000,0.000000,873,15108.000000,1,789863.66729,5753170.47836
13193949,172860,EvacZone,10,5,46,RURAL,0.005214,0.000000,0.000000,228,8822.000000,1,785995.93899,5757567.46533
13193950,172861,Beach,40,1,200,TORQUAY,0.000000,0.000000,0.000000,447,15108.000000,1,790861.74053,5752552.89152
13193951,172862,EvacZone,42,2,278,TORQUAY,0.018401,0.000000,0.000000,555,15108.000000,1,790830.75512,5752878.36430
13193952,172863,EvacZone,40,1,447,TORQUAY,0.029587,0.000000,0.000000,447,15108.000000,1,790522.77825,5752567.05382
13193953,172864,EvacZone,42,2,278,TORQUAY,0.018401,0.000000,0.000000,555,15108.000000,1,790383.51846,5752961.19433
13193954,172865,EvacZone,38,2,194,TORQUAY,0.012841,0.000000,0.000000,387,15108.000000,1,790378.41742,5753356.36182
13193955,172866,EvacZone,41,2,436,TORQUAY,0.028859,0.000000,0.000000,873,15108.000000,1,789081.20787,5753796.05846
13193956,172867,EvacZone,47,1,226,TORQUAY,0.014959,0.000000,0.000000,226,15108.000000,1,790883.54905,5754016.67271
13193957,172868,EvacZone,46,1,223,TORQUAY,0.014760,0.000000,0.000000,223,15108.000000,1,790547.89812,5753860.00724
13193958,172869,EvacZone,60,4,63,RURAL,0.007141,0.000000,0.000000,251,8822.000000,1,743679.31674,5755285.53392
13193959,172870,EvacZone,60,4,63,RURAL,0.007141,0.000000,0.000000,251,8822.000000,1,749728.40714,5771140.46260
13193960,172871,EvacZone,3,8,52,RURAL,0.005894,0.000000,0.000000,412,8822.000000,1,763092.08377,5781727.64188
13193961,172872,EvacZone,3,8,52,RURAL,0.005894,0.000000,0.000000,412,8822.000000,1,757936.85094,5782081.99444
13193962,172873,EvacZone,3,8,52,RURAL,0.005894,0.000000,0.000000,412,8822.000000,1,756456.01972,5781039.56430
13193963,172874,EvacZone,3,8,52,RURAL,0.005894,0.000000,0.000000,412,8822.000000,1,754057.11759,5783551.97498
13193964,172875,EvacZone,14,11,31,RURAL,0.003514,0.000000,0.000000,342,8822.000000,1,751791.37105,5761241.56957
13193965,172876,EvacZone,3,8,52,RURAL,0.005894,0.000000,0.000000,412,8822.000000,1,764762.17443,5780720.91739
13193966,172877,EvacZone,3,8,52,RURAL,0.005894,0.000000,0.000000,412,8822.000000,1,760914.74611,5777929.52828
13193967,172878,EvacZone,14,11,31,RURAL,0.003514,0.000000,0.000000,342,8822.000000,1,755686.95497,5762788.08391
13193968,172879,EvacZone,14,11,31,RURAL,0.003514,0.000000,0.000000,342,8822.000000,1,756558.12308,5765800.18233
13193969,172880,EvacZone,3,8,52,INVERLIEGH,0.110874,0.000000,0.000000,412,469.000000,1,765006.75939,5778255.84707
13193970,172881,EvacZone,212,1,110,INVERLIEGH,0.234542,0.000000,0.000000,110,469.000000,1,768173.37241,5779204.83658
13193971,172882,EvacZone,213,1,255,INVERLIEGH,0.543710,0.000000,0.000000,255,469.000000,1,768002.19109,5778281.52406
13193972,172883,Shops,16,1,400,WINCHELSEA,0.000000,0.000000,0.000000,180,1729.000000,1,761647.31617,5762952.48569
13193973,172884,EvacZone,4,1,199,WINCHELSEA,0.115095,0.000000,0.000000,199,1729.000000,1,761099.76466,5763000.49956
13193974,172885,EvacZone,16,1,180,WINCHELSEA,0.104106,0.000000,0.000000,180,1729.000000,1,761438.30395,5761983.68668
13193975,172886,Golf Club,16,1,50,WINCHELSEA,0.000000,0.000000,0.000000,180,1729.000000,1,761289.50657,5762130.29619
13193976,172887,EvacZone,14,11,31,RURAL,0.003514,0.000000,0.000000,342,8822.000000,1,755226.85159,5761122.23397
13193977,172888,EvacZone,14,11,31,RURAL,0.003514,0.000000,0.000000,342,8822.000000,1,756472.19695,5758720.81804
13193978,172889,Business District,19,1,400,WINCHELSEA,0.000000,0.000000,0.000000,369,1729.000000,1,761856.89786,5763333.34179
13193979,172890,EvacZone,18,1,252,WINCHELSEA,0.145749,0.000000,0.000000,252,1729.000000,1,762070.01485,5763709.90506
13193980,172891,EvacZone,14,11,31,RURAL,0.003514,0.000000,0.000000,342,8822.000000,1,763343.18214,5766456.09696
13193981,172892,EvacZone,14,11,31,RURAL,0.003514,0.000000,0.000000,342,8822.000000,1,760236.50965,5767663.33029
13193982,172893,EvacZone,14,11,31,RURAL,0.003514,0.000000,0.000000,342,8822.000000,1,765454.25928,5769616.54397
13193983,172894,EvacZone,6,5,40,RURAL,0.004534,0.000000,0.000000,201,8822.000000,1,767518.31157,5773276.10213
13193984,172895,EvacZone,6,5,40,RURAL,0.004534,0.000000,0.000000,201,8822.000000,1,764768.88857,5774279.10425
13193985,172896,EvacZone,19,1,369,WINCHELSEA,0.213418,0.000000,0.000000,369,1729.000000,1,762760.02192,5763337.66026
13193986,172897,EvacZone,14,11,31,RURAL,0.003514,0.000000,0.000000,342,8822.000000,1,760760.02254,5758146.24527
13193987,172898,EvacZone,5,4,86,RURAL,0.009748,0.000000,0.000000,346,8822.000000,1,768636.40559,5765334.93829
13193988,172899,EvacZone,14,11,31,RURAL,0.003514,0.000000,0.000000,342,8822.000000,1,765869.53575,5764280.71400
13193989,172900,EvacZone,48,1,210,TORQUAY,0.013900,0.000000,0.000000,210,15108.000000,1,791025.14934,5753497.26590
13193990,172901,EvacZone,38,2,194,TORQUAY,0.012841,0.000000,0.000000,387,15108.000000,1,790987.60726,5753149.36161
13193991,172902,EvacZone,51,1,210,TORQUAY,0.013900,0.000000,0.000000,210,15108.000000,1,791266.77389,5753952.72380
13193992,172903,EvacZone,50,1,266,TORQUAY,0.017607,0.000000,0.000000,266,15108.000000,1,791681.98788,5753788.27936
13193993,172904,EvacZone,49,1,241,TORQUAY,0.015952,0.000000,0.000000,241,15108.000000,1,791463.01786,5753500.20281
13193994,172905,EvacZone,43,4,165,TORQUAY,0.043619,0.000000,0.000000,659,15108.000000,1,791381.51832,5754337.32446
13193995,172906,EvacZone,55,3,113,TORQUAY,0.007479,0.000000,0.000000,338,15108.000000,1,791204.07413,5755025.24330
13193996,172907,Secondary,55,1,200,TORQUAY,0.000000,0.000000,0.000000,338,15108.000000,1,790829.71368,5755284.52525
13193997,172908,Business District,55,2,300,TORQUAY,0.000000,0.000000,0.000000,169,15108.000000,1,790484.60538,5754857.18225
13193998,172909,Business District,55,2,300,TORQUAY,0.000000,0.000000,0.000000,169,15108.000000,1,790098.62271,5754759.19639
13193999,172910,EvacZone,52,1,211,TORQUAY,0.013966,0.000000,0.000000,211,15108.000000,1,792296.74816,5753822.60060
13194000,172911,EvacZone,56,1,257,TORQUAY,0.017011,0.000000,0.000000,257,15108.000000,1,792324.99662,5754042.59624
13194001,172912,EvacZone,28,1,223,TORQUAY,0.014760,0.000000,0.000000,223,15108.000000,1,792259.32958,5754417.04540
13194002,172913,EvacZone,55,3,113,TORQUAY,0.007479,0.000000,0.000000,338,15108.000000,1,792399.95013,5754815.32446
13194003,172914,EvacZone,44,1,615,TORQUAY,0.040707,0.000000,0.000000,615,15108.000000,1,793417.98808,5754523.70157
13194004,172915,Golf Club,44,1,100,TORQUAY,0.000000,0.000000,0.000000,615,15108.000000,1,792919.68545,5754526.38383
13194005,172916,EvacZone,55,3,113,TORQUAY,0.007479,0.000000,0.000000,338,15108.000000,1,791273.41393,5755882.37986
13194006,172917,EvacZone,45,2,91,RURAL,0.010315,0.000000,0.000000,182,8822.000000,1,789433.63469,5757450.29064
13194007,172918,EvacZone,45,2,91,RURAL,0.010315,0.000000,0.000000,182,8822.000000,1,789540.05801,5758779.63785
13194008,172919,EvacZone,26,2,281,RURAL,0.031852,0.000000,0.000000,562,8822.000000,1,796078.76693,5755831.22383
13194009,172920,Beach,55,1,30,RURAL,0.000000,0.000000,0.000000,338,8822.000000,1,794242.07800,5754370.29551
13194010,172921,EvacZone,22,2,375,RURAL,0.042507,0.000000,0.000000,750,8822.000000,1,792879.99978,5762163.50466
13194011,172922,Beach,26,3,30,RURAL,0.000000,0.000000,0.000000,187,8822.000000,1,797658.77908,5756257.89872
13194012,172923,EvacZone,25,1,94,RURAL,0.010655,0.000000,0.000000,94,8822.000000,1,796579.03149,5758854.75597
13194013,172924,Beach,26,3,30,RURAL,0.000000,0.000000,0.000000,187,8822.000000,1,800742.88293,5757428.94421
13194014,172925,EvacZone,21,2,98,RURAL,0.011109,0.000000,0.000000,195,8822.000000,1,787224.69933,5765494.38518
13194015,172926,EvacZone,21,2,98,RURAL,0.011109,0.000000,0.000000,195,8822.000000,1,786079.26488,5764052.86840
13194016,172927,Business District,21,1,20,RURAL,0.000000,0.000000,0.000000,195,8822.000000,1,786334.34808,5764005.76275
13194017,172928,EvacZone,22,2,375,RURAL,0.042507,0.000000,0.000000,750,8822.000000,1,791387.37937,5763887.93893
13194018,172929,EvacZone,27,1,1072,RURAL,0.121514,0.000000,0.000000,1072,8822.000000,1,794752.30634,5762339.20657
13194019,172930,EvacZone,24,1,75,RURAL,0.008501,0.000000,0.000000,75,8822.000000,1,785777.29384,5767335.61062
13194020,172931,EvacZone,3,8,52,INVERLIEGH,0.110874,0.000000,0.000000,412,469.000000,1,770566.14046,5778962.92115
13194021,172932,EvacZone,2,5,40,RURAL,0.004534,0.000000,0.000000,202,8822.000000,1,773957.77835,5781743.45900
13194022,172933,EvacZone,2,5,40,RURAL,0.004534,0.000000,0.000000,202,8822.000000,1,772617.82636,5785458.89660
13194023,172934,EvacZone,26,2,281,RURAL,0.031852,0.000000,0.000000,562,8822.000000,1,801871.63378,5757751.52857
13194024,172935,Beach,26,3,30,RURAL,0.000000,0.000000,0.000000,187,8822.000000,1,803106.49192,5756854.63356
13194025,172936,EvacZone,13,3,59,RURAL,0.006688,0.000000,0.000000,178,8822.000000,1,769663.23273,5755643.15767
13194026,172937,EvacZone,14,11,31,RURAL,0.003514,0.000000,0.000000,342,8822.000000,1,764033.78940,5758681.05347
13194027,172938,EvacZone,5,4,86,RURAL,0.009748,0.000000,0.000000,346,8822.000000,1,774381.46252,5757319.11465
13194028,172939,EvacZone,12,3,57,RURAL,0.006461,0.000000,0.000000,171,8822.000000,1,776934.37972,5759151.04494
13194029,172940,EvacZone,5,4,86,RURAL,0.009748,0.000000,0.000000,346,8822.000000,1,773376.59608,5760378.42918
13194030,172941,EvacZone,17,1,121,MORIAC,0.235409,0.000000,0.000000,121,514.000000,1,777443.75834,5761800.69871
13194031,172942,EvacZone,12,3,57,RURAL,0.006461,0.000000,0.000000,171,8822.000000,1,779857.10624,5756009.28787
13194032,172943,EvacZone,11,6,26,RURAL,0.002947,0.000000,0.000000,154,8822.000000,1,776709.44308,5765805.13965
13194033,172944,EvacZone,15,1,131,MORIAC,0.254864,0.000000,0.000000,131,514.000000,1,777618.94344,5762473.64908
13194034,172945,EvacZone,5,4,86,RURAL,0.009748,0.000000,0.000000,346,8822.000000,1,771570.16848,5768501.68808
13194035,172946,EvacZone,11,6,26,RURAL,0.002947,0.000000,0.000000,154,8822.000000,1,779214.53802,5765333.38073
13194036,172947,Shops,15,1,30,MORIAC,0.000000,0.000000,0.000000,131,514.000000,1,777902.25512,5762634.67240
13194037,172948,Primary,15,1,100,MORIAC,0.000000,0.000000,0.000000,131,514.000000,1,777888.65052,5762548.96247
13194038,172949,EvacZone,10,5,46,RURAL,0.005214,0.000000,0.000000,228,8822.000000,1,783225.10193,5760256.97091
13194039,172950,EvacZone,11,6,26,RURAL,0.002947,0.000000,0.000000,154,8822.000000,1,782391.46332,5764753.10415
13194040,172951,EvacZone,11,6,26,RURAL,0.002947,0.000000,0.000000,154,8822.000000,1,780753.25428,5767013.16781
13194041,172952,EvacZone,11,6,26,RURAL,0.002947,0.000000,0.000000,154,8822.000000,1,781928.52067,5766752.59938
13194042,172953,EvacZone,11,6,26,RURAL,0.002947,0.000000,0.000000,154,8822.000000,1,778719.45663,5767155.76214
13194043,172954,EvacZone,6,5,40,RURAL,0.004534,0.000000,0.000000,201,8822.000000,1,774629.33826,5774479.80997
13194044,172955,EvacZone,6,5,40,RURAL,0.004534,0.000000,0.000000,201,8822.000000,1,775498.64850,5770984.14732
13194045,172956,EvacZone,6,5,40,RURAL,0.004534,0.000000,0.000000,201,8822.000000,1,778281.09453,5772628.98415
13194046,172957,EvacZone,2,5,40,RURAL,0.004534,0.000000,0.000000,202,8822.000000,1,778465.75666,5779403.50962
13194047,172958,EvacZone,2,5,40,RURAL,0.004534,0.000000,0.000000,202,8822.000000,1,776317.63056,5777351.04269
13194048,172959,EvacZone,2,5,40,RURAL,0.004534,0.000000,0.000000,202,8822.000000,1,775483.27260,5780997.38201
13194049,172960,EvacZone,9,1,108,RURAL,0.012242,0.000000,0.000000,108,8822.000000,1,782644.65689,5770402.57734
13194050,172961,EvacZone,1,2,106,RURAL,0.012015,0.000000,0.000000,211,8822.000000,1,783018.76375,5775558.75991
13194051,172962,EvacZone,23,1,127,RURAL,0.014396,0.000000,0.000000,127,8822.000000,1,786698.37035,5770409.18353
13194052,172963,EvacZone,20,2,84,RURAL,0.009522,0.000000,0.000000,168,8822.000000,1,788573.48329,5773418.45863
13194053,172964,EvacZone,1,2,106,RURAL,0.012015,0.000000,0.000000,211,8822.000000,1,783949.48180,5780432.12792
13194054,172965,EvacZone,20,2,84,RURAL,0.009522,0.000000,0.000000,168,8822.000000,1,786977.29865,5775479.76656
13194055,172966,EvacZone,8,9,29,RURAL,0.003287,0.000000,0.000000,265,8822.000000,1,758478.41750,5748136.66178
13194056,172967,EvacZone,201,1,35,BELLBRAE,0.238095,0.000000,0.000000,35,147.000000,1,783425.33031,5750696.24480
13194057,172968,EvacZone,65,1,7,RURAL,0.000793,0.000000,0.000000,7,8822.000000,1,782369.14552,5746855.79257
13194058,172969,EvacZone,207,3,23,RURAL,0.002607,0.000000,0.000000,68,8822.000000,1,781147.53524,5749026.10328
13194059,172970,EvacZone,207,3,23,RURAL,0.002607,0.000000,0.000000,68,8822.000000,1,783473.54056,5752883.62806
13194060,172971,EvacZone,10,5,46,RURAL,0.005214,0.000000,0.000000,228,8822.000000,1,782677.33224,5756611.17948
13194061,172972,EvacZone,10,5,46,RURAL,0.005214,0.000000,0.000000,228,8822.000000,1,781113.15438,5757479.63981
13194062,172973,EvacZone,8,9,29,RURAL,0.003287,0.000000,0.000000,265,8822.000000,1,762308.30004,5753581.56405
13194063,172974,EvacZone,13,3,59,RURAL,0.006688,0.000000,0.000000,178,8822.000000,1,773846.57854,5754098.17956
13194064,172975,EvacZone,13,3,59,RURAL,0.006688,0.000000,0.000000,178,8822.000000,1,771997.93744,5754788.20245
13194065,172976,EvacZone,10,5,46,RURAL,0.005214,0.000000,0.000000,228,8822.000000,1,781825.07404,5761538.74393
13194066,172977,EvacZone,8,9,29,RURAL,0.003287,0.000000,0.000000,265,8822.000000,1,753867.35859,5751499.92763
13194067,172978,EvacZone,8,9,29,RURAL,0.003287,0.000000,0.000000,265,8822.000000,1,756381.81591,5750607.90978
13194068,172979,EvacZone,8,9,29,RURAL,0.003287,0.000000,0.000000,265,8822.000000,1,757324.72937,5753696.10808
13194069,172980,EvacZone,61,2,266,RURAL,0.030152,0.000000,0.000000,533,8822.000000,1,741809.67673,5739886.20485
13194070,172981,EvacZone,62,4,63,RURAL,0.007141,0.000000,0.000000,253,8822.000000,1,742789.41906,5745505.56629
13194071,172982,EvacZone,62,4,63,RURAL,0.007141,0.000000,0.000000,253,8822.000000,1,743743.69440,5749879.25249
13194072,172983,EvacZone,5666,1,150,FORREST,0.000000,0.000000,0.000000,150,150.000000,1,736127.46654,5731047.52026
13194073,172984,Camp,156,1,200,ANGLESEA,0.000000,0.000000,0.000000,118,7044.000000,1,777412.78017,5744008.09442
13194074,172985,Primary,7000,1,1000,GEELONG,1.000000,0.000000,0.000000,1000,1000.000000,1,792803.19879,5769441.31381
13194075,172986,Secondary,7000,1,1000,GEELONG,1.000000,0.000000,0.000000,1000,1000.000000,1,793534.67335,5769831.90665
13194076,172987,University,7000,1,1000,GEELONG,1.000000,0.000000,0.000000,1000,1000.000000,1,792837.45553,5769972.52889
13194077,172988,Tafe,7000,1,1000,GEELONG,1.000000,0.000000,0.000000,1000,1000.000000,1,793202.25852,5769898.53301
13194078,172989,Business District,7000,1,1000,GEELONG,1.000000,0.000000,0.000000,1000,1000.000000,1,793249.38427,5770567.68140
13194079,172990,EvacZone,7000,1,1000,GEELONG,1.000000,0.000000,0.000000,26019,1000.000000,1,793533.93691,5770266.87819
13194080,172991,Shops,7000,1,1000,GEELONG,1.000000,0.000000,0.000000,1000,1000.000000,1,792871.83966,5770473.28821
13194081,172992,EvacZone,1000,1,1000,COLAC,0.000000,0.000000,0.000000,32,0.000000,1,733788.29987,5756195.91192
13194082,172993,Secondary,1000,1,1000,COLAC,0.000000,0.000000,0.000000,0,0.000000,1,733346.70278,5756267.50925
13194083,172994,Primary,1000,1,1000,COLAC,0.000000,0.000000,0.000000,0,0.000000,1,733052.04408,5756331.45377
13194084,172995,Shops,1000,1,1000,COLAC,0.000000,0.000000,0.000000,0,0.000000,1,732598.98147,5756278.36455
13194085,172996,Business District,1000,1,1000,COLAC,0.000000,0.000000,0.000000,0,0.000000,1,732247.51881,5756178.98784
13194086,172997,University,1000,1,1000,COLAC,0.000000,0.000000,0.000000,0,0.000000,1,731819.15820,5755960.71592
13194087,172998,Tafe,1000,1,1000,COLAC,0.000000,0.000000,0.000000,0,0.000000,1,731478.52678,5755794.65326
13194088,172999,Golf Club,1000,1,1000,COLAC,0.000000,0.000000,0.000000,0,0.000000,1,730692.55336,5755530.02771
13194089,173000,Golf Club,7000,1,1000,GEELONG,1.000000,0.000000,0.000000,1000,1000.000000,1,793641.32026,5769328.94189
13194090,173001,Beach,7000,1,1000,GEELONG,1.000000,0.000000,0.000000,1000,1000.000000,1,794920.60169,5772690.71159
13194091,173002,EvacZone,123,3,24,LORNE,0.009721,0.000000,0.000000,72,2469.000000,1,751015.37695,5732777.51479
13194092,173003,EvacZone,101,1,32,LORNE,0.012961,0.000000,0.000000,32,2469.000000,1,758966.18703,5730618.34976
13194093,173004,EvacZone,93,1,3,LORNE,0.001215,0.000000,0.000000,3,2469.000000,1,758978.45643,5730699.59421
13194094,173005,EvacZone,99,2,25,LORNE,0.010126,0.000000,0.000000,50,2469.000000,1,758838.77263,5730582.04375
13194095,173006,EvacZone,100,1,66,LORNE,0.026731,0.000000,0.000000,66,2469.000000,1,758685.35664,5730436.17594
13194096,173007,EvacZone,102,1,105,LORNE,0.042527,0.000000,0.000000,105,2469.000000,1,758762.61523,5730764.58719
13194097,173008,EvacZone,109,1,78,LORNE,0.031592,0.000000,0.000000,78,2469.000000,1,759134.01897,5729245.84665
13194098,173009,Beach,106,2,400,LORNE,0.000000,0.000000,0.000000,0,2469.000000,1,759326.88260,5729839.13291
13194099,173010,EvacZone,106,1,155,LORNE,0.062778,0.000000,0.000000,155,2469.000000,1,759269.00215,5729895.02848
13194100,173011,EvacZone,107,1,47,LORNE,0.019036,0.000000,0.000000,47,2469.000000,1,759036.64729,5729776.26625
13194101,173012,EvacZone,108,1,67,LORNE,0.027136,0.000000,0.000000,67,2469.000000,1,758929.01032,5729757.06799
13194102,173013,EvacZone,105,1,44,LORNE,0.017821,0.000000,0.000000,44,2469.000000,1,759055.32694,5729950.41342
13194103,173014,EvacZone,104,1,49,LORNE,0.019846,0.000000,0.000000,49,2469.000000,1,758708.59240,5729801.93224
13194104,173015,Business District,189,1,10,LORNE,0.000000,0.000000,0.000000,0,2469.000000,1,758548.82555,5729986.72448
13194105,173016,EvacZone,123,3,24,LORNE,0.009721,0.000000,0.000000,72,2469.000000,1,756671.35971,5731735.96601
13194106,173017,EvacZone,123,3,24,LORNE,0.009721,0.000000,0.000000,72,2469.000000,1,754643.36542,5733062.36498
13194107,173018,EvacZone,92,1,3,LORNE,0.001215,0.000000,0.000000,3,2469.000000,1,759248.98482,5730802.59756
13194108,173019,EvacZone,84,1,30,LORNE,0.012151,0.000000,0.000000,30,2469.000000,1,759312.98692,5731171.17527
13194109,173020,EvacZone,83,1,81,LORNE,0.032807,0.000000,0.000000,81,2469.000000,1,759247.02331,5731239.64462
13194110,173021,EvacZone,88,1,15,LORNE,0.006075,0.000000,0.000000,15,2469.000000,1,759103.11903,5731052.30290
13194111,173022,EvacZone,89,1,32,LORNE,0.012961,0.000000,0.000000,32,2469.000000,1,759171.80971,5730942.49651
13194112,173023,EvacZone,91,1,16,LORNE,0.006480,0.000000,0.000000,16,2469.000000,1,759084.76095,5730972.71061
13194113,173024,Hotel,2,0,40,LORNE,0.000000,0.000000,0.000000,0,2469.000000,1,759163.59908,5730338.60707
13194114,173025,EvacZone,97,1,23,LORNE,0.009316,0.000000,0.000000,23,2469.000000,1,758999.11620,5730541.69214
13194115,173026,EvacZone,99,2,25,LORNE,0.010126,0.000000,0.000000,50,2469.000000,1,758940.75559,5730492.22230
13194116,173027,EvacZone,96,1,44,LORNE,0.017821,0.000000,0.000000,44,2469.000000,1,759080.73696,5730321.18833
13194117,173028,Primary,122,1,100,LORNE,0.000000,0.000000,0.000000,76,2469.000000,1,759210.79384,5730135.73036
13194118,173029,Shops,2,2,400,LORNE,0.000000,0.000000,0.000000,0,2469.000000,1,759317.42351,5729964.86105
13194119,173030,Secondary,122,1,100,LORNE,0.000000,0.000000,0.000000,76,2469.000000,1,759074.12513,5730215.34091
13194120,173031,EvacZone,122,1,76,LORNE,0.030782,0.000000,0.000000,76,2469.000000,1,759210.01775,5730042.06433
13194121,173032,EvacZone,103,1,48,LORNE,0.019441,0.000000,0.000000,48,2469.000000,1,758880.88722,5730054.54032
13194122,173033,EvacZone,189,1,50,LORNE,0.020251,0.000000,0.000000,50,2469.000000,1,758779.24300,5730016.01736
13194123,173034,EvacZone,80,1,43,LORNE,0.017416,0.000000,0.000000,43,2469.000000,1,759770.04823,5731254.21458
13194124,173035,EvacZone,81,1,38,LORNE,0.015391,0.000000,0.000000,38,2469.000000,1,759682.71882,5731315.28378
13194125,173036,EvacZone,82,1,29,LORNE,0.011746,0.000000,0.000000,29,2469.000000,1,759641.89067,5731062.89319
13194126,173037,EvacZone,85,1,40,LORNE,0.016201,0.000000,0.000000,40,2469.000000,1,759500.99457,5731073.87653
13194127,173038,EvacZone,86,1,40,LORNE,0.016201,0.000000,0.000000,40,2469.000000,1,759436.51876,5731005.01654
13194128,173039,Beach,2,0,100,LORNE,0.000000,0.000000,0.000000,0,2469.000000,1,759551.54671,5730602.07326
13194129,173040,EvacZone,94,1,8,LORNE,0.001215,0.000000,0.000000,8,2469.000000,1,759434.45072,5730581.38051
13194130,173041,Caravan Park,94,1,200,LORNE,0.000000,0.000000,0.000000,8,2469.000000,1,759492.64698,5730627.75413
13194131,173042,EvacZone,90,1,37,LORNE,0.014986,0.000000,0.000000,37,2469.000000,1,759345.21450,5730922.45531
13194132,173043,Hotel,94,1,150,LORNE,0.000000,0.000000,0.000000,8,2469.000000,1,759310.02792,5730461.39643
13194133,173044,Shops,2,0,50,LORNE,0.000000,0.000000,0.000000,0,2469.000000,1,759294.96025,5730628.35413
13194134,173045,Caravan Park,92,1,100,LORNE,0.000000,0.000000,0.000000,0,2469.000000,1,759223.27599,5730566.26203
13194135,173046,EvacZone,78,1,63,LORNE,0.025516,0.000000,0.000000,63,2469.000000,1,759814.11891,5731412.69620
13194136,173047,EvacZone,79,1,26,LORNE,0.010531,0.000000,0.000000,26,2469.000000,1,759764.63385,5731541.01183
13194137,173048,EvacZone,77,1,49,LORNE,0.019846,0.000000,0.000000,49,2469.000000,1,759871.83431,5731726.58987
13194138,173049,EvacZone,76,1,74,LORNE,0.029972,0.000000,0.000000,74,2469.000000,1,760207.35963,5731879.98306
13194139,173050,EvacZone,75,3,11,LORNE,0.004455,0.000000,0.000000,32,2469.000000,1,760375.49654,5732121.82379
13194140,173051,EvacZone,74,2,52,LORNE,0.021061,0.000000,0.000000,105,2469.000000,1,760760.34643,5732480.45445
13194141,173052,EvacZone,74,2,52,LORNE,0.021061,0.000000,0.000000,105,2469.000000,1,760393.68468,5732566.27350
13194142,173053,EvacZone,111,1,28,LORNE,0.011341,0.000000,0.000000,28,2469.000000,1,759375.65001,5729256.17664
13194143,173054,Business District,3,0,50,LORNE,0.000000,0.000000,0.000000,0,2469.000000,1,760128.08350,5729217.22829
13194144,173055,EvacZone,118,1,45,LORNE,0.018226,0.000000,0.000000,45,2469.000000,1,759764.43182,5729328.18005
13194145,173056,EvacZone,110,1,47,LORNE,0.019036,0.000000,0.000000,47,2469.000000,1,759181.87306,5729450.45657
13194146,173057,EvacZone,113,1,34,LORNE,0.004455,0.000000,0.000000,34,2469.000000,1,759324.35404,5729385.39650
13194147,173058,Business District,118,1,30,LORNE,0.000000,0.000000,0.000000,45,2469.000000,1,759681.61587,5729403.88001
13194148,173059,EvacZone,112,1,47,LORNE,0.019036,0.000000,0.000000,47,2469.000000,1,759320.44180,5729460.89279
13194149,173060,EvacZone,117,1,33,LORNE,0.013366,0.000000,0.000000,33,2469.000000,1,759397.44605,5729477.33528
13194150,173061,EvacZone,116,1,29,LORNE,0.004050,0.000000,0.000000,29,2469.000000,1,759555.23105,5729580.74669
13194151,173062,EvacZone,115,1,71,LORNE,0.028757,0.000000,0.000000,71,2469.000000,1,759322.10643,5729586.75221
13194152,173063,Business District,2,3,400,LORNE,0.000000,0.000000,0.000000,0,2469.000000,1,759374.79717,5729757.06377
13194153,173064,Hotel,2,2,50,LORNE,0.000000,0.000000,0.000000,0,2469.000000,1,759353.31074,5729787.17382
13194154,173065,Caravan Park,120,1,38,LORNE,0.000000,0.000000,0.000000,38,2469.000000,1,760006.41615,5728788.01073
13194155,173066,EvacZone,120,2,19,LORNE,0.007695,0.000000,0.000000,38,2469.000000,1,760003.82761,5728798.54737
13194156,173067,EvacZone,114,1,64,LORNE,0.025921,0.000000,0.000000,64,2469.000000,1,759529.05903,5729050.10647
13194157,173068,EvacZone,119,4,20,LORNE,0.008100,0.000000,0.000000,79,2469.000000,1,759917.94001,5729197.33529
13194158,173069,EvacZone,121,1,80,LORNE,0.032402,0.000000,0.000000,80,2469.000000,1,760058.11638,5729084.66199
13194159,173070,EvacZone,190,1,36,BIG HILL,1.000000,0.000000,0.000000,36,36.000000,1,763981.92370,5736003.75437
13194160,173071,EvacZone,124,1,70,MOGGS CREEK,0.344828,0.000000,0.000000,70,203.000000,1,767120.62089,5737920.69128
13194161,173072,EvacZone,191,1,55,EASTERN VIEW,1.000000,0.000000,0.000000,55,55.000000,1,765787.20785,5737484.41921
13194162,173073,EvacZone,125,1,122,MOGGS CREEK,0.600985,0.000000,0.000000,122,203.000000,1,767468.98391,5738213.45746
13194163,173074,EvacZone,184,1,122,FAIRHAVEN,0.267544,0.000000,0.000000,122,456.000000,1,768634.59514,5737959.73073
13194164,173075,EvacZone,185,2,45,FAIRHAVEN,0.098684,0.000000,0.000000,90,456.000000,1,768356.20825,5738233.52072
13194165,173076,EvacZone,188,1,20,FAIRHAVEN,0.043860,0.000000,0.000000,20,456.000000,1,769999.78791,5739097.72615
13194166,173077,EvacZone,187,1,64,FAIRHAVEN,0.140351,0.000000,0.000000,64,456.000000,1,769870.69157,5738375.45672
13194167,173078,EvacZone,192,1,84,FAIRHAVEN,0.184211,0.000000,0.000000,84,456.000000,1,769574.40049,5738170.75008
13194168,173079,EvacZone,186,1,76,FAIRHAVEN,0.166667,0.000000,0.000000,76,456.000000,1,769175.20787,5738330.45628
13194169,173080,EvacZone,185,2,45,FAIRHAVEN,0.098684,0.000000,0.000000,90,456.000000,1,769204.97812,5738050.18071
13194170,173081,Business District,135,1,30,AIREYS INLET,0.000000,0.000000,0.000000,83,2113.000000,1,771154.38036,5738979.16897
13194171,173082,EvacZone,131,2,14,AIREYS INLET,0.012778,0.000000,0.000000,27,2113.000000,1,771567.16183,5740494.80258
13194172,173083,EvacZone,126,1,97,AIREYS INLET,0.045906,0.000000,0.000000,97,2113.000000,1,770488.87253,5737934.96862
13194173,173084,Shops,130,1,30,AIREYS INLET,0.000000,0.000000,0.000000,90,2113.000000,1,770351.40111,5738001.92605
13194174,173085,EvacZone,130,1,90,AIREYS INLET,0.042593,0.000000,0.000000,90,2113.000000,1,770407.17022,5738257.63025
13194175,173086,EvacZone,194,1,54,AIREYS INLET,0.025556,0.000000,0.000000,54,2113.000000,1,771009.17047,5738910.20022
13194176,173087,Caravan Park,194,1,100,AIREYS INLET,0.000000,0.000000,0.000000,54,2113.000000,1,771120.82582,5738818.00056
13194177,173088,EvacZone,133,1,118,AIREYS INLET,0.055845,0.000000,0.000000,118,2113.000000,1,771217.13998,5738557.68968
13194178,173089,EvacZone,193,1,123,AIREYS INLET,0.058211,0.000000,0.000000,123,2113.000000,1,770811.32212,5738891.55042
13194179,173090,EvacZone,132,2,27,AIREYS INLET,0.012778,0.000000,0.000000,54,2113.000000,1,771122.11432,5738261.88730
13194180,173091,EvacZone,127,2,18,AIREYS INLET,0.008519,0.000000,0.000000,37,2113.000000,1,770872.14755,5738550.00340
13194181,173092,Business District,129,1,100,AIREYS INLET,0.000000,0.000000,0.000000,59,2113.000000,1,770968.05532,5738364.60103
13194182,173093,EvacZone,128,1,43,AIREYS INLET,0.020350,0.000000,0.000000,43,2113.000000,1,771060.35960,5738100.06922
13194183,173094,EvacZone,127,2,18,AIREYS INLET,0.008519,0.000000,0.000000,37,2113.000000,1,770652.58862,5738360.04036
13194184,173095,EvacZone,136,1,159,AIREYS INLET,0.075248,0.000000,0.000000,159,2113.000000,1,771852.54945,5739161.72302
13194185,173096,EvacZone,138,3,29,AIREYS INLET,0.013725,0.000000,0.000000,88,2113.000000,1,771926.18374,5739405.99460
13194186,173097,EvacZone,134,1,101,AIREYS INLET,0.047799,0.000000,0.000000,101,2113.000000,1,771492.67893,5738760.13657
13194187,173098,EvacZone,135,1,83,AIREYS INLET,0.039281,0.000000,0.000000,83,2113.000000,1,771442.61994,5738965.08645
13194188,173099,Primary,135,1,100,AIREYS INLET,0.000000,0.000000,0.000000,0,2113.000000,1,771374.44073,5738835.66619
13194189,173102,EvacZone,195,1,139,AIREYS INLET,0.065783,0.000000,0.000000,139,2113.000000,1,770678.09655,5739477.39483
13194190,173107,EvacZone,131,2,14,AIREYS INLET,0.078088,0.000000,0.000000,27,2113.000000,1,770458.68409,5740337.03898
13194191,173113,EvacZone,139,1,6,AIREYS INLET,0.002840,0.000000,0.000000,6,2113.000000,1,772074.33359,5739973.97543
13194192,173100,Golf Club,83,1,50,LORNE,0.000000,0.000000,0.000000,0,2469.000000,1,759175.87554,5731742.96741
13194193,173101,EvacZone,137,1,1,MOGGS CREEK,0.054187,0.000000,0.000000,1,203.000000,1,767371.82662,5738738.05216
13194194,54436,Camp,140,1,100,RURAL,0.000000,0.000000,0.000000,4,0.000000,1,767533.87321,5747333.10942
13194195,56205,Business District,130,1,30,AIREYS INLET,0.000000,0.000000,0.000000,0,2113.000000,1,770405.93026,5737998.74274
13194196,58955,EvacZone,198,1,28,RURAL,1.000000,0.000000,1.000000,28,0.000000,1,784222.97434,5747955.05575
13194197,59139,EvacZone,197,20,1,RURAL,1.000000,0.000000,1.000000,20,0.000000,1,782151.20625,5748732.12698
13194198,59313,EvacZone,202,68,1,RURAL,1.000000,0.000000,1.000000,68,0.000000,1,780336.06625,5751663.22885
13194199,000001,Colac,1000,1,1000,COLAC,0.000000,0.000000,0.000000,32,0.000000,1,725868.5478,5753291.5198
13194200,000002,Geelong,1000,1,1000,GEELONG,0.000000,0.000000,0.000000,32,0.000000,1,793807.138,5772517.067
